HOF_status,PA,HR,R,RBI,AVG,OBP,SLG,wRC+,Off,WAR
1,10616,714,2174,2217,0.342,0.474,0.69,194,1336.3,167.0
1,12541,660,2068,1909,0.301,0.384,0.557,154,835.8,149.8
1,13072,117,2246,1937,0.366,0.433,0.512,164,1027.9,149.1
1,11739,101,1736,1732,0.327,0.391,0.466,147,704.7,138.1
1,13940,755,2174,2297,0.305,0.374,0.555,153,882.0,136.3
1,11988,117,1882,1529,0.345,0.428,0.5,156,807.4,130.2
1,9791,521,1798,1839,0.344,0.482,0.634,187,1064.0,129.8
1,9475,301,1579,1584,0.358,0.434,0.577,170,853.4,129.1
1,12712,475,1949,1951,0.331,0.417,0.559,157,901.6,126.4
1,12037,47,1821,1300,0.333,0.424,0.429,144,655.1,120.1
1,9660,493,1888,1995,0.34,0.447,0.632,171,949.5,115.9
1,9909,536,1677,1509,0.298,0.421,0.557,170,842.6,112.3
1,11337,511,1859,1860,0.304,0.414,0.533,154,806.0,110.1
1,10062,548,1506,1595,0.267,0.38,0.527,147,538.3,106.5
1,13346,297,2295,1115,0.279,0.401,0.419,132,650.9,106.3
1,11743,586,1829,1812,0.294,0.389,0.537,153,731.6,104.0
1,10460,83,1504,1599,0.338,0.38,0.467,144,543.8,102.2
1,9670,534,1751,1922,0.325,0.428,0.609,156,756.2,101.4
1,11329,268,1650,1133,0.271,0.392,0.427,135,525.5,98.8
1,10101,512,1509,1453,0.271,0.376,0.509,143,532.7,96.1
1,13991,452,1816,1844,0.285,0.379,0.462,130,463.3,94.8
1,12883,431,1647,1695,0.276,0.34,0.447,112,165.4,92.5
1,11319,97,1996,2076,0.333,0.393,0.445,134,567.1,91.2
1,11597,399,1622,1583,0.297,0.376,0.48,134,459.8,88.9
1,10740,118,1513,1013,0.328,0.415,0.443,132,399.0,88.3
1,8837,138,1620,1322,0.317,0.397,0.486,143,553.7,86.2
1,10151,73,1539,1437,0.295,0.361,0.405,118,307.4,84.6
1,10614,468,1619,1623,0.303,0.401,0.529,141,559.1,84.6
1,11625,317,1583,1596,0.305,0.369,0.487,132,439.6,84.6
1,12130,477,1524,1707,0.286,0.339,0.48,115,205.2,83.5
1,7671,361,1390,1537,0.325,0.398,0.579,151,527.7,82.6
1,10212,240,1416,1305,0.317,0.359,0.475,129,337.2,80.6
1,9431,449,1517,1529,0.297,0.408,0.54,149,594.6,80.2
1,11782,268,1232,1357,0.267,0.322,0.401,104,56.1,80.2
1,10237,184,1774,1427,0.32,0.404,0.48,124,334.7,78.6
1,11304,630,1662,1836,0.284,0.37,0.538,131,444.1,77.7
1,8673,389,1091,1376,0.267,0.342,0.476,125,251.8,74.8
1,10100,105,1532,1244,0.316,0.369,0.432,112,213.6,74.8
1,10762,113,1627,1309,0.333,0.404,0.473,135,501.1,74.8
1,8389,101,1599,1464,0.346,0.411,0.505,144,574.2,73.7
1,12602,260,1923,1311,0.31,0.377,0.44,119,332.7,73.0
1,9819,67,1619,1015,0.312,0.386,0.429,131,404.1,72.8
1,11416,563,1551,1702,0.262,0.356,0.49,139,499.7,72.7
1,10243,45,1319,1116,0.31,0.399,0.398,115,181.8,72.6
1,7721,96,1173,926,0.318,0.406,0.453,138,384.4,72.4
1,10550,92,1424,1015,0.328,0.393,0.429,132,380.5,72.3
1,10075,521,1494,1704,0.301,0.419,0.555,154,653.0,72.1
1,10594,97,1391,1525,0.309,0.362,0.452,138,443.3,71.1
1,9397,342,1138,1331,0.277,0.362,0.464,126,263.2,70.9
1,7584,40,1690,736,0.344,0.455,0.432,142,592.3,70.3
1,8518,316,1211,1287,0.281,0.364,0.49,122,252.4,69.9
1,9019,324,1025,1225,0.262,0.335,0.439,116,151.3,69.4
1,9515,307,1507,1827,0.334,0.38,0.535,129,381.3,69.4
1,10313,612,1583,1699,0.276,0.402,0.554,145,554.5,69.0
1,8030,383,1355,1311,0.313,0.4,0.565,140,427.9,68.7
1,8960,183,1291,1539,0.342,0.41,0.52,142,510.3,68.6
1,10270,311,1354,1332,0.296,0.334,0.464,104,37.0,68.4
1,9853,376,1276,1330,0.269,0.341,0.457,117,191.1,68.3
1,7371,359,1118,1337,0.312,0.397,0.562,155,509.0,68.1
1,12167,234,1782,1307,0.306,0.369,0.448,122,366.1,67.7
1,10778,28,1257,793,0.262,0.337,0.328,90,-69.4,67.6
1,9691,521,1229,1555,0.27,0.374,0.515,145,498.7,67.4
1,9057,198,1329,960,0.295,0.371,0.444,118,240.8,67.0
1,8838,170,1233,1424,0.301,0.39,0.468,119,220.6,66.6
1,12249,251,1632,1406,0.285,0.342,0.43,113,206.0,66.5
1,9831,573,1283,1584,0.256,0.376,0.509,142,477.0,66.1
1,12504,291,1844,1175,0.281,0.363,0.433,115,276.8,65.8
1,8678,309,1219,1262,0.312,0.418,0.515,147,500.5,65.5
1,10232,135,1383,1138,0.338,0.388,0.459,132,401.5,65.0
1,7023,68,861,789,0.295,0.38,0.415,122,174.4,64.4
1,9822,248,1483,1609,0.316,0.387,0.5,126,345.6,64.1
1,8364,358,1175,1430,0.285,0.348,0.482,124,243.7,63.7
1,9376,185,1231,1003,0.285,0.352,0.415,111,124.1,63.7
1,10400,210,1508,1134,0.3,0.371,0.443,118,272.5,63.6
1,8237,407,1259,1333,0.295,0.38,0.54,139,403.5,63.5
1,10395,512,1305,1636,0.274,0.33,0.5,118,221.0,63.3
1,9996,132,1289,1248,0.317,0.367,0.45,128,327.1,63.0
1,9026,475,1195,1540,0.282,0.36,0.529,145,457.5,62.9
1,9409,53,1678,1067,0.271,0.355,0.372,108,143.5,62.7
1,7745,427,1048,1335,0.308,0.377,0.545,140,370.1,62.5
1,9612,34,1057,1121,0.268,0.332,0.358,104,18.4,62.4
1,7314,351,1099,1119,0.292,0.378,0.534,155,452.6,61.3
1,9470,126,1338,885,0.269,0.366,0.377,103,63.5,61.2
1,10470,86,1600,1575,0.308,0.361,0.435,119,265.8,61.2
1,9282,282,1318,1061,0.285,0.344,0.452,115,178.6,60.9
1,6913,273,1080,1099,0.288,0.389,0.499,140,344.1,60.8
1,6096,331,1051,1276,0.313,0.412,0.605,153,441.4,60.6
1,6536,253,914,975,0.268,0.357,0.466,120,156.8,60.4
1,10519,426,1410,1475,0.29,0.361,0.492,132,379.1,60.4
1,10770,70,1545,800,0.285,0.361,0.386,110,211.8,60.1
1,5938,141,972,761,0.313,0.41,0.477,137,301.8,59.9
1,12358,465,1669,1833,0.283,0.353,0.475,128,406.5,59.9
1,10768,438,1373,1591,0.279,0.323,0.482,117,230.5,59.5
1,10861,379,1272,1652,0.279,0.341,0.463,121,263.0,58.9
1,10734,117,1420,780,0.311,0.355,0.402,104,156.7,57.6
1,9736,29,1322,586,0.308,0.396,0.382,115,193.0,57.4
1,7111,154,1120,1078,0.341,0.393,0.506,136,351.6,57.2
1,10174,493,1349,1550,0.284,0.377,0.509,134,409.1,56.9
1,7060,202,930,1209,0.313,0.382,0.486,126,245.1,56.1
1,6414,48,950,756,0.313,0.389,0.445,145,365.4,56.0
1,9594,33,1719,810,0.341,0.388,0.415,124,345.0,55.7
1,7145,31,774,782,0.262,0.308,0.353,96,-6.4,55.5
1,8641,47,1163,839,0.304,0.367,0.407,115,163.3,55.1
1,9453,369,1401,1406,0.316,0.414,0.539,132,354.3,54.9
1,8142,205,1198,1383,0.324,0.362,0.505,132,331.9,54.5
1,9059,449,1328,1496,0.318,0.379,0.553,136,370.2,54.5
1,9685,248,1074,1389,0.285,0.348,0.437,116,164.6,54.2
1,8229,195,1227,1089,0.299,0.387,0.461,133,321.4,54.1
1,7297,236,867,1179,0.297,0.37,0.489,126,250.3,53.7
1,7960,143,1018,923,0.306,0.388,0.439,123,217.8,53.5
1,8028,223,1094,1247,0.288,0.362,0.461,115,121.3,53.0
1,8098,128,1305,1065,0.321,0.386,0.474,125,327.8,52.9
1,7452,65,1055,983,0.294,0.343,0.409,111,95.1,52.5
1,10244,75,1429,817,0.281,0.368,0.387,116,181.6,52.4
1,9013,102,1284,1175,0.34,0.379,0.468,122,251.7,52.1
1,9051,62,1729,1203,0.311,0.352,0.423,127,364.1,52.1
1,9084,169,1247,1304,0.3,0.382,0.453,125,284.8,51.4
1,10091,541,1419,1768,0.286,0.38,0.552,140,409.0,51.0
1,9058,382,1249,1451,0.298,0.352,0.502,128,297.5,50.8
1,10246,34,1514,1078,0.322,0.374,0.427,113,168.9,50.7
1,6206,119,1041,832,0.32,0.419,0.478,131,255.4,50.6
1,8695,379,1131,1365,0.297,0.35,0.499,131,316.9,50.3
1,7303,178,986,1191,0.292,0.38,0.467,121,203.7,50.1
1,8156,68,1099,981,0.323,0.369,0.446,127,260.9,49.7
1,8244,32,1048,591,0.279,0.355,0.358,100,-4.0,49.3
1,11230,83,1335,791,0.262,0.311,0.343,83,-162.0,49.1
1,7210,12,919,538,0.27,0.356,0.334,109,86.8,49.0
1,7827,106,1552,1302,0.324,0.384,0.449,118,273.8,48.3
1,5099,20,797,596,0.296,0.394,0.394,137,253.3,48.1
1,5770,71,1129,883,0.303,0.351,0.456,123,228.4,48.1
1,8329,49,1141,1055,0.312,0.391,0.413,111,103.8,48.1
1,6256,369,971,1015,0.279,0.398,0.548,146,369.1,47.4
1,6679,135,833,929,0.291,0.337,0.433,101,19.0,46.2
1,5643,259,771,1015,0.283,0.364,0.498,126,183.5,45.7
1,10349,35,1279,790,0.288,0.348,0.363,96,-64.1,45.2
1,6455,69,1357,950,0.308,0.368,0.438,131,327.9,45.1
1,7831,207,1071,1085,0.318,0.36,0.477,122,204.9,44.9
1,6502,127,1256,1299,0.331,0.384,0.505,136,354.1,44.1
1,8416,110,1287,1183,0.33,0.377,0.479,119,212.1,43.3
1,11238,149,1610,900,0.293,0.343,0.41,109,187.6,43.2
1,11256,28,1255,884,0.258,0.318,0.34,83,-248.0,43.1
1,7168,300,1168,1201,0.32,0.379,0.543,132,322.0,42.8
1,8104,370,1105,1274,0.273,0.359,0.487,121,214.3,42.1
1,5556,244,884,1063,0.307,0.395,0.545,141,325.6,42.0
1,6349,190,601,990,0.306,0.358,0.46,125,192.2,41.8
1,6711,38,877,563,0.273,0.351,0.355,96,-26.0,41.4
1,10184,339,1272,1493,0.29,0.339,0.471,120,218.1,41.1
1,6879,220,870,947,0.304,0.353,0.476,129,220.4,40.7
1,8084,26,1408,867,0.275,0.314,0.341,97,2.8,39.8
1,5374,26,682,530,0.279,0.386,0.377,128,169.2,39.6
1,11092,384,1299,1628,0.289,0.356,0.465,119,243.5,38.5
1,7528,78,881,870,0.306,0.367,0.414,111,100.1,38.2
1,8293,58,1183,1273,0.32,0.362,0.435,107,90.9,37.9
1,8355,219,1177,1422,0.31,0.369,0.5,123,260.9,37.7
1,9222,84,1223,773,0.289,0.337,0.387,94,-62.4,37.6
1,5333,42,812,592,0.322,0.399,0.441,134,209.5,36.1
1,5113,164,777,833,0.317,0.372,0.526,131,222.6,32.8
1,8379,138,769,853,0.26,0.299,0.367,82,-176.6,30.9
1,6104,103,895,779,0.311,0.351,0.449,109,84.9,30.8
1,6565,148,819,1020,0.297,0.342,0.452,109,72.5,29.2
1,7072,28,687,734,0.281,0.378,0.363,98,-31.0,27.5
1,8326,27,1201,598,0.316,0.353,0.393,99,1.8,25.4
1,5739,44,1069,735,0.292,0.364,0.376,105,75.6,23.3
1,6217,11,579,594,0.253,0.34,0.316,88,-100.6,22.6
1,6916,286,792,962,0.266,0.32,0.454,104,32.4,16.6
1,7658,106,1523,1296,0.342,0.423,0.519,156,638.2,79.5
1,12817,504,1627,1917,0.287,0.359,0.476,127,410.4,72.0
1,11031,435,1582,1587,0.279,0.35,0.486,118,313.4,67.4
1,8664,434,1204,1289,0.254,0.337,0.486,111,116.3,67.0
1,9605,75,1720,952,0.338,0.415,0.446,137,512.2,66.6
1,10359,170,1571,980,0.294,0.385,0.425,125,408.2,66.4
1,6660,96,887,987,0.307,0.363,0.442,134,250.7,60.1
0,12606,762,2227,1996,0.298,0.444,0.607,173,1173.8,164.4
0,12207,696,2021,2086,0.295,0.38,0.55,141,664.2,113.6
0,13041,703,1914,2218,0.296,0.374,0.544,141,633.8,89.9
0,15876,160,2165,1314,0.303,0.375,0.409,121,354.7,80.2
0,10390,84,1589,1233,0.272,0.358,0.382,108,167.5,77.5
0,12046,569,1663,1835,0.288,0.371,0.515,130,442.8,70.0
0,8220,224,1033,864,0.266,0.371,0.424,129,254.9,69.2
0,11796,511,1551,1881,0.306,0.382,0.518,139,469.0,68.7
0,9967,244,1386,1084,0.276,0.363,0.426,118,204.8,68.1
0,9774,555,1544,1831,0.312,0.411,0.585,153,624.8,66.4
0,7660,583,1167,1414,0.263,0.394,0.588,157,555.0,66.3
0,10227,390,1193,1314,0.248,0.329,0.421,111,119.6,65.7
0,10569,385,1470,1384,0.272,0.37,0.47,129,348.4,65.1
0,8050,314,1123,1092,0.287,0.366,0.489,137,331.7,64.6
0,7980,393,1251,1199,0.284,0.376,0.527,132,317.7,64.5
0,8546,83,1112,1176,0.291,0.364,0.427,134,352.5,63.4
0,9235,130,1528,781,0.299,0.372,0.423,109,181.3,62.4
0,8802,252,996,1185,0.297,0.365,0.452,129,284.1,62.3
0,10947,509,1636,1676,0.292,0.393,0.514,141,575.7,62.1
0,9461,54,1239,687,0.276,0.373,0.351,109,123.2,62.0
0,10009,201,1151,1106,0.279,0.341,0.406,108,73.4,61.7
0,7863,259,1103,1025,0.275,0.358,0.465,118,252.1,61.5
0,10737,414,1344,1354,0.248,0.361,0.431,120,244.6,61.2
0,5690,54,873,785,0.356,0.423,0.517,165,417.5,60.4
0,7535,27,1163,825,0.29,0.337,0.374,110,127.5,60.1
0,9896,609,1475,1667,0.273,0.344,0.534,124,300.4,60.1
0,10081,288,1453,1363,0.291,0.395,0.475,129,416.6,59.7
0,8553,162,1124,1071,0.296,0.384,0.436,131,294.3,59.4
0,8746,356,1171,1144,0.294,0.409,0.511,145,440.6,58.7
0,5607,158,663,729,0.302,0.372,0.46,129,163.1,57.9
0,9550,335,1262,1306,0.301,0.351,0.488,124,236.8,57.5
0,9063,255,1139,1230,0.295,0.398,0.465,130,322.1,57.3
0,8090,332,1258,1024,0.268,0.353,0.471,130,303.9,57.1
0,8047,288,1239,1283,0.296,0.393,0.506,132,336.8,56.9
0,8271,294,1006,1182,0.267,0.362,0.444,113,124.9,56.7
0,9118,56,1296,813,0.274,0.375,0.378,121,266.2,56.7
0,4435,140,932,873,0.33,0.407,0.535,151,323.1,56.2
0,8288,242,982,1039,0.254,0.352,0.408,121,194.4,56.2
0,9537,377,1320,1518,0.29,0.356,0.5,123,259.7,56.0
0,7814,366,1146,1234,0.293,0.406,0.537,144,421.7,55.9
0,8506,57,1239,642,0.301,0.394,0.397,124,269.3,55.9
0,8344,316,977,1139,0.261,0.354,0.445,123,208.4,55.6
0,8554,176,777,1022,0.277,0.327,0.399,97,-109.9,55.6
0,8206,342,1017,1159,0.264,0.333,0.471,117,165.5,55.2
0,10531,354,1412,1439,0.283,0.367,0.479,118,229.0,55.2
0,6832,122,1492,908,0.289,0.361,0.461,132,379.1,54.9
0,8120,65,1421,1194,0.317,0.402,0.451,130,393.4,54.9
0,7836,287,1121,1078,0.291,0.4,0.502,136,384.8,54.8
0,8268,282,1104,1141,0.287,0.349,0.462,116,151.5,54.8
0,7910,377,1046,1103,0.271,0.374,0.488,139,354.3,54.6
0,4224,186,910,1001,0.349,0.417,0.616,173,421.8,54.5
0,6648,191,803,771,0.248,0.349,0.397,104,12.2,54.5
0,3820,143,855,853,0.364,0.449,0.615,181,439.2,54.3
0,9822,182,1217,1053,0.279,0.311,0.412,105,87.7,53.7
0,8010,291,1105,964,0.25,0.366,0.436,130,274.5,52.8
0,6850,282,742,1018,0.262,0.337,0.452,110,23.6,52.1
0,9051,63,1355,810,0.269,0.34,0.37,110,108.4,52.1
0,7874,215,973,884,0.273,0.355,0.442,122,182.4,52.0
0,8283,284,1186,1205,0.303,0.384,0.497,136,347.7,52.0
0,6872,242,949,970,0.296,0.376,0.491,133,297.9,51.3
0,8931,165,1036,1077,0.284,0.354,0.42,119,206.1,50.8
0,7884,278,1064,968,0.249,0.338,0.444,107,120.2,50.6
0,8230,340,1118,1180,0.267,0.379,0.476,138,349.1,50.6
0,7035,26,918,566,0.292,0.373,0.384,122,152.8,50.5
0,8190,170,1064,1195,0.289,0.375,0.44,124,250.9,50.4
0,8133,199,1084,976,0.285,0.347,0.443,122,248.6,49.9
0,8908,440,1227,1441,0.277,0.399,0.516,140,431.3,49.8
0,10240,231,1421,936,0.264,0.324,0.418,95,25.4,49.7
0,7382,74,960,793,0.29,0.357,0.408,126,226.8,49.6
0,7981,316,1157,1220,0.299,0.379,0.51,135,334.8,49.5
0,8664,74,972,992,0.281,0.346,0.403,119,195.3,49.3
0,7559,374,971,1159,0.266,0.359,0.489,132,284.2,49.2
0,7923,306,1063,1111,0.283,0.36,0.484,129,261.4,49.2
0,4926,13,1024,462,0.334,0.466,0.41,142,339.2,48.9
0,9309,275,1188,1074,0.267,0.37,0.425,124,259.9,48.4
0,7240,247,1001,1174,0.286,0.355,0.46,117,141.3,48.3
0,7215,238,1224,1164,0.318,0.395,0.534,130,294.3,47.9
0,11229,292,1189,1466,0.279,0.362,0.431,122,282.2,47.9
0,7913,332,1109,1287,0.303,0.369,0.516,129,280.0,47.7
0,8299,257,1243,909,0.269,0.337,0.44,107,118.5,47.3
0,10403,256,1365,1169,0.286,0.327,0.442,110,144.4,47.3
0,7812,348,986,1239,0.274,0.338,0.48,126,233.2,47.1
0,8306,344,1217,937,0.249,0.337,0.465,115,192.9,47.0
0,9110,160,1300,819,0.266,0.374,0.389,112,125.0,46.6
0,5856,279,816,816,0.261,0.358,0.489,132,214.8,46.4
0,6153,242,944,795,0.278,0.384,0.489,128,235.9,46.0
0,8251,41,1188,611,0.287,0.366,0.384,118,158.1,45.9
0,9171,71,1184,1034,0.298,0.378,0.42,115,176.8,45.9
0,8767,195,1115,918,0.264,0.365,0.395,116,178.0,45.8
0,9710,47,1333,1371,0.292,0.328,0.382,98,-51.1,45.8
0,4604,189,725,760,0.286,0.41,0.518,151,288.8,45.7
0,9106,118,1642,1093,0.306,0.374,0.444,119,259.7,45.7
0,6758,20,1214,743,0.306,0.416,0.389,123,224.4,45.6
0,5315,46,954,659,0.341,0.403,0.467,147,382.6,45.5
0,7027,233,1033,851,0.285,0.374,0.464,129,301.8,45.5
0,8807,22,1278,688,0.294,0.371,0.358,111,103.2,45.5
0,9290,173,1179,1146,0.303,0.383,0.442,120,214.4,45.5
0,6832,42,1405,719,0.296,0.388,0.407,122,257.0,45.3
0,7685,27,866,934,0.289,0.355,0.384,110,67.6,45.2
0,7894,21,1180,631,0.285,0.368,0.347,116,162.7,45.1
0,5525,201,653,674,0.241,0.388,0.429,140,239.3,45.0
0,6039,32,684,675,0.277,0.319,0.365,100,-7.0,45.0
0,8029,409,1099,1298,0.268,0.36,0.509,127,256.7,45.0
0,5639,18,994,840,0.311,0.39,0.406,119,190.1,44.9
0,9625,79,1181,646,0.259,0.311,0.342,90,-56.0,44.9
0,6777,140,922,725,0.299,0.365,0.439,115,118.3,44.8
0,6899,200,706,758,0.262,0.34,0.412,113,94.3,44.8
0,7595,378,997,1218,0.268,0.317,0.489,110,88.6,44.8
0,8979,69,1639,1014,0.316,0.385,0.417,119,283.5,44.8
0,8177,352,1253,1206,0.291,0.363,0.51,125,262.1,44.7
0,8559,246,985,1065,0.282,0.388,0.436,134,322.3,44.4
0,10917,235,1668,1139,0.284,0.352,0.433,105,145.9,44.4
0,9041,398,1197,1266,0.265,0.346,0.469,119,206.3,44.3
0,7402,151,844,706,0.265,0.338,0.398,113,110.9,44.2
0,7470,57,1217,855,0.302,0.34,0.409,124,261.9,44.2
0,8187,38,1174,850,0.303,0.389,0.406,110,90.4,44.2
0,7810,339,889,1187,0.266,0.361,0.462,134,292.3,44.1
0,8657,473,1241,1512,0.28,0.383,0.546,135,368.6,44.1
0,6575,7,1011,299,0.29,0.413,0.333,128,216.6,44.0
0,9053,287,1366,1257,0.297,0.381,0.477,126,286.3,43.9
0,6352,239,936,950,0.277,0.388,0.492,135,282.1,43.8
0,6716,106,1313,851,0.311,0.392,0.463,132,340.6,43.8
0,7340,352,1080,1154,0.296,0.358,0.532,135,333.6,43.8
0,7557,64,953,1166,0.31,0.37,0.442,124,202.2,43.8
0,8240,145,1180,719,0.283,0.334,0.427,103,105.0,43.8
0,6029,70,1120,822,0.299,0.344,0.435,123,212.1,43.6
0,8742,56,1117,722,0.303,0.36,0.401,117,161.5,43.5
0,8793,94,1057,844,0.288,0.347,0.399,102,19.3,43.5
0,7003,100,1004,830,0.287,0.39,0.419,125,231.0,43.4
0,7797,324,856,1070,0.252,0.313,0.44,105,34.9,43.4
0,9778,219,1189,1326,0.303,0.344,0.451,120,220.4,43.4
0,6104,46,1327,618,0.301,0.386,0.411,131,277.3,42.9
0,9692,353,1296,1391,0.277,0.331,0.461,110,102.7,42.9
0,5663,242,809,898,0.3,0.359,0.522,136,265.4,42.8
0,6226,181,882,997,0.324,0.383,0.532,138,337.4,42.8
0,6836,167,884,768,0.266,0.357,0.426,116,142.0,42.7
0,12013,80,1445,951,0.272,0.336,0.352,83,-234.3,42.5
0,9545,54,1359,578,0.29,0.377,0.376,115,169.7,42.2
0,8129,462,1186,1407,0.266,0.353,0.515,130,303.5,42.1
0,6033,136,822,859,0.313,0.392,0.483,140,293.2,42.0
0,9731,173,1285,1194,0.298,0.365,0.417,112,146.2,42.0
0,6495,164,835,792,0.274,0.349,0.443,120,168.7,41.9
0,7127,271,1049,917,0.289,0.36,0.486,125,236.4,41.8
0,7340,155,1023,614,0.263,0.349,0.388,111,157.9,41.8
0,8080,208,1125,846,0.263,0.319,0.419,98,4.2,41.8
0,7666,105,1037,1023,0.306,0.383,0.437,121,201.3,41.7
0,7420,90,1144,977,0.302,0.383,0.44,115,149.0,41.6
0,8383,48,1006,740,0.259,0.336,0.335,89,-114.4,41.6
0,6326,335,898,1000,0.259,0.357,0.505,137,272.0,41.5
0,6507,58,1186,632,0.325,0.397,0.462,126,217.9,41.5
0,6116,229,927,936,0.313,0.361,0.521,124,199.9,41.4
0,7178,136,998,766,0.29,0.33,0.435,104,124.6,41.2
0,8396,464,1090,1325,0.274,0.343,0.513,129,256.9,41.2
0,6972,23,1140,977,0.312,0.346,0.392,121,207.4,41.1
0,8493,91,1455,1055,0.277,0.335,0.383,93,-40.1,41.1
0,8743,79,1130,710,0.284,0.355,0.391,98,-15.7,41.1
0,6423,59,769,710,0.284,0.393,0.401,120,145.3,41.0
0,6676,381,974,1239,0.295,0.369,0.564,139,339.6,41.0
0,7736,160,964,758,0.271,0.36,0.404,123,195.9,41.0
0,8329,281,1041,1269,0.288,0.363,0.47,120,210.2,41.0
0,5904,113,696,701,0.292,0.346,0.41,116,98.0,40.9
0,7150,275,900,1065,0.273,0.374,0.474,123,156.2,40.9
0,7502,27,1478,563,0.269,0.334,0.341,95,24.9,40.9
0,7609,43,856,970,0.292,0.345,0.403,110,77.6,40.9
0,6570,188,765,826,0.247,0.354,0.409,113,94.3,40.8
0,7722,222,1007,1099,0.307,0.358,0.471,124,218.4,40.7
0,6418,235,837,948,0.268,0.365,0.465,131,236.7,40.5
0,6534,237,778,879,0.259,0.329,0.445,114,102.1,40.5
0,6602,305,929,1017,0.279,0.378,0.5,130,234.5,40.4
0,10460,304,1443,1167,0.271,0.332,0.442,104,76.1,40.4
0,5282,81,802,404,0.285,0.375,0.419,122,163.8,40.3
0,8247,193,1092,1007,0.277,0.343,0.425,115,168.3,40.2
0,5616,196,860,913,0.319,0.393,0.53,132,241.5,40.1
0,3591,179,717,877,0.34,0.41,0.619,167,332.6,40.0
0,4885,194,535,592,0.236,0.345,0.424,112,38.0,40.0
0,6402,61,848,549,0.269,0.359,0.374,108,75.6,39.8
0,6675,238,968,874,0.272,0.364,0.477,123,189.8,39.8
0,7387,98,1132,615,0.289,0.378,0.406,109,124.9,39.8
0,5395,112,697,576,0.276,0.356,0.41,114,87.7,39.7
0,7043,305,1037,983,0.267,0.343,0.487,115,155.0,39.7
0,9205,307,1230,1302,0.285,0.336,0.456,106,50.1,39.7
0,9641,101,993,950,0.267,0.322,0.357,88,-106.5,39.7
0,7379,75,1001,951,0.277,0.335,0.408,119,153.3,39.6
0,4264,41,759,366,0.292,0.34,0.406,127,163.3,39.5
0,7402,284,963,1061,0.277,0.341,0.475,116,142.6,39.5
0,6170,210,653,773,0.251,0.332,0.42,108,52.9,39.4
0,5560,194,777,887,0.293,0.37,0.509,136,236.0,39.1
0,5394,241,715,716,0.256,0.335,0.466,117,101.0,39.0
0,6800,9,948,318,0.265,0.382,0.314,111,96.6,39.0
0,8395,412,1152,1159,0.27,0.319,0.5,111,147.3,39.0
0,9817,360,1130,1341,0.255,0.308,0.434,95,-68.1,39.0
0,6894,178,1070,829,0.272,0.39,0.441,114,129.0,38.9
0,4310,55,549,533,0.256,0.34,0.387,116,85.8,38.8
0,6720,277,876,1152,0.275,0.362,0.483,121,180.5,38.8
0,7353,382,864,1119,0.273,0.352,0.499,140,325.3,38.7
0,5409,183,901,795,0.282,0.382,0.491,131,216.7,38.6
0,8986,386,1098,1417,0.283,0.341,0.492,115,103.2,38.5
0,7887,104,1009,723,0.297,0.343,0.397,97,-37.1,38.4
0,7610,66,1227,1124,0.302,0.364,0.416,111,116.3,38.3
0,5241,10,603,505,0.269,0.364,0.338,113,85.4,38.2
0,7908,206,985,852,0.286,0.328,0.433,113,112.5,38.1
0,8022,242,964,1013,0.278,0.347,0.432,117,159.8,37.9
0,8525,195,1123,860,0.265,0.343,0.416,103,23.7,37.9
0,8870,65,1255,625,0.266,0.36,0.355,99,-13.5,37.9
0,9997,350,1240,1372,0.274,0.36,0.451,118,210.7,37.9
0,5082,64,809,667,0.255,0.332,0.384,112,81.7,37.8
0,5415,225,762,780,0.29,0.361,0.495,119,100.2,37.8
0,8317,41,1168,585,0.285,0.326,0.376,94,15.6,37.8
0,9466,272,1143,1308,0.294,0.329,0.446,116,166.9,37.8
0,5435,29,811,364,0.268,0.41,0.348,117,121.1,37.7
0,6899,95,621,624,0.248,0.327,0.348,91,-83.6,37.7
0,5010,62,932,755,0.31,0.407,0.443,134,247.6,37.6
0,5776,41,966,379,0.271,0.423,0.366,113,83.9,37.6
0,7137,293,903,1086,0.282,0.367,0.481,126,217.0,37.6
0,8312,17,1004,617,0.285,0.353,0.353,110,116.4,37.6
0,8908,260,908,1125,0.257,0.316,0.416,102,0.6,37.6
0,6218,155,623,808,0.264,0.357,0.402,106,45.9,37.5
0,6614,139,943,578,0.256,0.342,0.398,103,92.6,37.3
0,9175,139,1215,683,0.254,0.394,0.371,114,155.8,37.1
0,5846,275,826,851,0.26,0.345,0.476,126,190.1,36.9
0,7720,251,1024,1005,0.292,0.365,0.47,122,187.3,36.9
0,7089,44,1064,779,0.293,0.376,0.411,118,194.0,36.7
0,7745,294,1076,1236,0.309,0.369,0.502,126,229.2,36.7
0,8734,9,1280,436,0.25,0.356,0.3,96,-45.6,36.6
0,6115,215,730,898,0.3,0.37,0.48,137,261.5,36.5
0,6312,163,737,852,0.276,0.338,0.441,110,71.6,36.5
0,8046,317,997,1202,0.287,0.358,0.485,127,204.4,36.5
0,8702,75,1030,744,0.288,0.366,0.378,99,-6.8,36.5
0,6046,33,754,552,0.271,0.317,0.371,105,46.6,36.4
0,9834,172,1196,1311,0.286,0.359,0.428,115,160.0,36.4
0,6047,42,842,727,0.284,0.364,0.381,117,139.5,36.3
0,8269,271,957,1051,0.268,0.333,0.435,113,115.1,36.3
0,6366,229,883,799,0.267,0.36,0.455,120,186.6,36.2
0,8115,204,973,1106,0.289,0.362,0.44,116,154.9,36.2
0,5740,58,695,796,0.295,0.331,0.419,118,121.0,36.1
0,8603,102,1058,775,0.269,0.325,0.37,86,-76.1,36.1
0,7127,239,894,983,0.272,0.347,0.447,114,130.4,36.0
0,5811,202,735,805,0.283,0.377,0.466,128,205.9,35.9
0,6656,255,985,870,0.268,0.352,0.463,123,205.6,35.9
0,6958,85,851,636,0.293,0.342,0.389,102,5.7,35.9
0,6502,201,811,832,0.283,0.36,0.454,125,169.4,35.8
0,7155,434,1061,1404,0.295,0.343,0.561,129,256.8,35.8
0,7336,303,922,965,0.261,0.361,0.467,125,192.0,35.8
0,4645,119,575,719,0.287,0.38,0.478,150,240.9,35.7
0,6228,260,816,902,0.268,0.342,0.475,113,100.0,35.7
0,7022,203,865,890,0.276,0.352,0.438,119,149.6,35.7
0,8304,20,1067,458,0.281,0.33,0.331,91,-47.8,35.7
0,7829,126,1064,757,0.289,0.333,0.411,98,-18.3,35.6
0,6719,60,1072,977,0.275,0.366,0.381,107,49.7,35.4
0,7039,299,986,1016,0.282,0.385,0.498,130,262.7,35.4
0,5921,256,811,796,0.255,0.358,0.471,129,195.1,35.3
0,6673,134,776,620,0.25,0.302,0.382,97,-20.8,35.3
0,7162,197,888,697,0.247,0.343,0.403,111,77.3,35.3
0,8437,215,931,1044,0.266,0.36,0.408,117,168.9,35.3
0,4374,192,603,717,0.285,0.384,0.495,138,200.4,35.2
0,4591,108,483,548,0.274,0.335,0.416,102,-10.6,35.2
0,7244,344,1022,975,0.247,0.361,0.475,126,198.1,35.2
0,7649,325,1058,1003,0.261,0.342,0.469,117,187.3,35.2
0,9066,140,1200,923,0.286,0.343,0.398,95,-36.7,35.1
0,5952,98,909,533,0.288,0.371,0.42,123,169.0,35.0
0,7372,163,920,860,0.305,0.365,0.442,121,178.9,35.0
0,5897,105,912,712,0.302,0.392,0.461,122,184.5,34.9
0,6147,282,938,934,0.269,0.359,0.482,126,234.5,34.9
0,6602,20,676,389,0.228,0.3,0.28,71,-206.4,34.9
0,6995,186,879,730,0.255,0.336,0.408,104,60.1,34.9
0,4720,52,880,757,0.326,0.392,0.458,134,229.7,34.8
0,7026,213,844,976,0.285,0.35,0.449,116,144.7,34.8
0,6318,204,712,890,0.299,0.369,0.464,132,224.3,34.7
0,7701,95,990,920,0.293,0.372,0.416,119,182.5,34.7
0,6478,87,1046,618,0.298,0.383,0.419,112,89.8,34.6
0,7437,226,926,840,0.264,0.331,0.441,115,121.1,34.6
0,8369,40,1426,726,0.287,0.386,0.373,112,170.5,34.6
0,5978,44,705,702,0.289,0.336,0.405,124,153.2,34.5
0,7157,218,961,782,0.275,0.377,0.447,123,219.3,34.4
0,7963,331,1081,1078,0.281,0.365,0.495,123,217.2,34.4
0,6355,320,889,950,0.254,0.358,0.489,120,157.7,34.3
0,5013,126,485,673,0.295,0.362,0.446,115,91.5,34.2
0,7304,336,823,1122,0.277,0.337,0.485,123,199.7,34.2
0,3564,49,521,454,0.311,0.389,0.45,149,211.0,34.1
0,6204,242,705,807,0.251,0.321,0.442,111,68.9,34.1
0,5297,57,1149,595,0.325,0.394,0.446,127,235.1,34.0
0,6281,39,955,617,0.311,0.362,0.393,121,161.2,34.0
0,6680,202,843,870,0.286,0.351,0.455,117,131.4,34.0
0,7905,151,1007,874,0.29,0.343,0.411,111,105.9,33.9
0,4787,110,627,599,0.276,0.408,0.432,135,193.4,33.8
0,5022,158,683,671,0.28,0.364,0.464,122,149.4,33.8
0,5565,88,698,581,0.302,0.366,0.432,121,148.4,33.8
0,5571,20,633,471,0.262,0.315,0.34,100,1.4,33.8
0,7939,241,1012,1125,0.298,0.337,0.466,119,176.1,33.8
0,5347,93,718,418,0.264,0.362,0.379,117,107.3,33.7
0,5793,31,826,341,0.276,0.384,0.37,131,201.4,33.7
0,6204,52,737,799,0.303,0.347,0.405,116,110.1,33.6
0,6207,128,722,951,0.299,0.348,0.434,118,135.9,33.5
0,6783,134,874,601,0.239,0.361,0.366,102,20.9,33.5
0,7207,44,1151,695,0.287,0.402,0.401,112,108.8,33.5
0,8126,424,1099,1261,0.26,0.35,0.496,125,226.3,33.5
0,4149,70,820,607,0.294,0.435,0.467,140,274.4,33.4
0,6613,147,830,830,0.284,0.386,0.431,125,194.0,33.4
0,6777,117,777,754,0.285,0.32,0.413,100,13.5,33.4
0,4282,51,669,543,0.333,0.386,0.468,139,214.4,33.2
0,6822,18,708,673,0.273,0.348,0.342,104,9.2,33.2
0,8179,39,829,707,0.286,0.33,0.366,90,-107.9,33.2
0,9347,108,1108,1071,0.28,0.365,0.399,98,-32.2,33.2
0,5134,63,714,773,0.336,0.407,0.473,131,220.4,33.1
0,5709,36,858,622,0.305,0.369,0.416,121,151.0,33.1
0,7237,113,1063,587,0.281,0.346,0.402,99,46.5,33.1
0,6136,112,800,727,0.296,0.366,0.43,103,26.6,33.0
0,6658,8,699,528,0.253,0.308,0.318,89,-72.9,32.9
0,7320,321,1080,1008,0.256,0.336,0.468,112,115.4,32.7
0,7518,307,880,1128,0.276,0.363,0.478,131,260.4,32.7
0,8257,287,1084,1173,0.279,0.358,0.472,123,204.9,32.7
0,7718,252,972,1043,0.277,0.357,0.445,124,205.9,32.6
0,7737,210,1062,761,0.256,0.362,0.425,111,130.6,32.6
0,6079,199,810,929,0.279,0.369,0.46,120,157.3,32.5
0,6877,94,730,884,0.28,0.343,0.394,104,38.9,32.5
0,6935,29,802,826,0.281,0.372,0.384,100,-20.9,32.4
0,8253,89,1124,679,0.291,0.364,0.416,107,71.5,32.4
0,5242,166,648,609,0.246,0.356,0.402,116,94.1,32.3
0,7022,192,895,1058,0.299,0.355,0.458,113,116.6,32.3
0,8049,152,1129,859,0.296,0.359,0.431,119,186.7,32.1
0,4207,144,625,568,0.275,0.376,0.461,124,133.5,32.0
0,5516,17,867,404,0.307,0.394,0.386,111,61.6,32.0
0,6865,331,897,1071,0.283,0.348,0.516,130,221.1,32.0
0,6998,176,798,729,0.261,0.328,0.406,106,46.3,32.0
0,7021,266,867,1178,0.277,0.364,0.469,120,170.5,32.0
0,5747,228,835,1012,0.302,0.371,0.522,125,201.4,31.9
0,6694,27,758,762,0.267,0.33,0.36,102,4.4,31.9
0,8148,105,679,826,0.254,0.315,0.346,82,-186.8,31.9
0,5646,184,755,821,0.282,0.333,0.455,105,41.8,31.7
0,4008,137,571,687,0.305,0.39,0.49,136,184.5,31.6
0,7820,90,974,998,0.281,0.341,0.408,104,25.3,31.6
0,5773,179,813,659,0.259,0.366,0.449,125,161.3,31.5
0,7250,190,867,749,0.257,0.338,0.41,102,32.9,31.5
0,4511,124,614,558,0.279,0.36,0.454,110,56.1,31.4
0,8916,399,1195,1425,0.288,0.347,0.499,118,177.1,31.4
0,9106,188,1062,1153,0.282,0.332,0.413,96,-48.1,31.4
0,4911,15,854,544,0.299,0.322,0.367,118,131.0,31.3
0,5927,168,635,775,0.274,0.321,0.427,105,37.4,31.3
0,6421,127,792,724,0.294,0.337,0.43,109,66.2,31.3
0,6957,264,903,1026,0.27,0.332,0.462,110,83.8,31.3
0,7043,189,772,773,0.257,0.347,0.403,112,87.1,31.3
0,8155,112,770,720,0.246,0.327,0.349,89,-115.3,31.3
0,5536,25,992,671,0.294,0.316,0.386,114,122.6,31.2
0,5730,156,568,606,0.248,0.316,0.383,104,20.5,31.2
0,6112,49,781,796,0.275,0.337,0.397,112,88.5,31.2
0,5793,260,674,864,0.287,0.337,0.491,112,70.4,31.1
0,5893,93,651,547,0.268,0.33,0.378,96,-22.7,31.1
0,6410,328,861,1064,0.293,0.383,0.523,129,238.9,31.1
0,6962,184,802,989,0.295,0.364,0.447,128,217.8,31.1
0,7162,241,950,775,0.264,0.361,0.443,125,187.0,31.1
0,7233,72,901,951,0.307,0.354,0.429,111,89.6,31.1
0,8468,160,912,886,0.255,0.293,0.383,84,-153.8,31.1
0,6694,80,783,686,0.29,0.396,0.391,124,173.4,31.0
0,5826,79,723,616,0.271,0.384,0.39,120,142.9,30.9
0,6318,147,674,748,0.249,0.318,0.395,95,-45.2,30.9
0,5302,53,925,836,0.303,0.38,0.44,131,221.1,30.8
0,7413,92,906,792,0.27,0.332,0.395,114,120.8,30.8
0,5400,37,912,663,0.31,0.398,0.434,124,201.1,30.7
0,8189,234,1083,978,0.281,0.364,0.439,121,199.6,30.7
0,4758,87,626,454,0.283,0.343,0.407,103,52.0,30.6
0,5818,38,738,561,0.282,0.373,0.385,125,150.4,30.5
0,6627,130,877,639,0.265,0.327,0.402,97,35.2,30.5
0,7217,223,895,1022,0.274,0.336,0.443,103,22.2,30.4
0,6317,249,872,816,0.243,0.321,0.448,94,-37.7,30.3
0,4436,150,653,618,0.281,0.382,0.478,127,150.2,30.2
0,5272,10,647,535,0.271,0.355,0.339,108,50.9,30.2
0,5375,104,749,512,0.284,0.342,0.417,104,77.4,30.1
0,6108,146,777,744,0.284,0.357,0.425,107,63.0,30.1
0,6141,36,602,624,0.263,0.323,0.345,83,-126.5,30.1
0,6523,278,874,987,0.279,0.37,0.5,127,234.7,30.1
0,4519,134,461,504,0.257,0.34,0.414,113,57.5,30.0
0,5922,84,727,497,0.266,0.354,0.373,109,68.4,29.9
0,7963,328,1129,1070,0.283,0.355,0.494,118,184.5,29.9
0,4935,69,898,740,0.289,0.325,0.438,119,155.7,29.8
0,6037,149,848,740,0.265,0.385,0.417,121,168.8,29.8
0,6483,49,1024,811,0.278,0.361,0.387,109,107.7,29.8
0,4009,56,733,552,0.298,0.345,0.444,136,202.5,29.7
0,4724,150,660,518,0.265,0.349,0.457,115,126.4,29.7
0,7563,120,1008,999,0.289,0.357,0.43,100,-17.0,29.7
0,4696,234,630,760,0.284,0.36,0.52,140,213.5,29.6
0,5078,173,573,812,0.285,0.332,0.464,114,90.8,29.6
0,6253,97,850,542,0.276,0.347,0.409,101,51.6,29.6
0,6365,162,645,654,0.242,0.299,0.372,86,-110.4,29.6
0,7006,244,891,942,0.279,0.334,0.461,115,138.2,29.6
0,7013,43,721,656,0.258,0.325,0.335,84,-139.9,29.5
0,8423,192,1249,875,0.277,0.352,0.436,105,78.4,29.5
0,5164,108,731,489,0.275,0.34,0.425,104,79.0,29.4
0,6997,42,868,577,0.268,0.35,0.361,109,76.0,29.4
0,7992,211,1005,951,0.275,0.32,0.42,95,-51.5,29.4
0,9401,338,1236,1276,0.26,0.342,0.436,118,205.4,29.4
0,4939,16,915,503,0.263,0.345,0.353,108,99.6,29.2
0,7516,282,963,945,0.277,0.317,0.454,105,61.6,29.2
0,5581,179,585,657,0.254,0.312,0.404,93,-47.5,29.0
0,8623,20,872,1063,0.307,0.343,0.381,104,14.6,29.0
0,4590,17,671,364,0.278,0.358,0.377,111,68.4,28.9
0,4704,77,619,687,0.286,0.347,0.421,113,71.2,28.9
0,5465,136,564,609,0.261,0.34,0.404,112,71.9,28.9
0,9254,335,1107,1136,0.241,0.352,0.425,114,132.2,28.8
0,9321,189,1119,1046,0.288,0.357,0.423,108,83.1,28.8
0,6028,156,826,1068,0.309,0.356,0.497,116,116.5,28.7
0,7319,202,841,873,0.267,0.329,0.423,103,-29.9,28.7
0,7516,217,755,920,0.263,0.307,0.415,91,-100.5,28.7
0,7940,288,985,1284,0.284,0.34,0.472,115,153.9,28.7
0,8044,339,1009,1271,0.271,0.344,0.471,110,92.9,28.7
0,8059,191,940,1097,0.29,0.351,0.454,122,198.8,28.7
0,4343,126,458,550,0.256,0.34,0.411,99,-37.3,28.6
0,6046,211,681,888,0.282,0.332,0.459,118,133.9,28.6
0,6047,20,705,445,0.259,0.329,0.335,98,-1.6,28.6
0,5057,68,398,446,0.259,0.344,0.356,100,-6.2,28.5
0,5745,245,711,732,0.241,0.369,0.449,122,139.7,28.5
0,6149,129,758,720,0.298,0.355,0.439,117,140.2,28.5
0,6628,124,913,699,0.282,0.336,0.407,93,-34.1,28.5
0,4208,155,432,540,0.256,0.355,0.429,110,46.1,28.4
0,4517,27,477,514,0.278,0.353,0.377,118,88.2,28.4
0,5235,119,671,458,0.257,0.329,0.403,108,41.6,28.3
0,6158,39,745,370,0.273,0.368,0.347,109,56.4,28.3
0,7328,49,876,630,0.291,0.375,0.378,108,60.4,28.3
0,7401,195,886,869,0.266,0.329,0.423,104,22.9,28.3
0,7471,28,1001,443,0.29,0.368,0.351,97,7.1,28.3
0,5143,65,869,832,0.3,0.368,0.446,127,211.1,28.2
0,6861,109,780,738,0.26,0.323,0.389,99,-4.0,28.2
0,7637,140,851,946,0.27,0.316,0.391,91,-86.6,28.2
0,7833,267,941,1111,0.278,0.329,0.446,115,131.9,28.2
0,8021,46,796,627,0.263,0.31,0.338,82,-157.0,28.2
0,6591,104,811,591,0.272,0.332,0.386,91,-61.4,28.1
0,9095,131,1236,1049,0.277,0.359,0.406,105,49.5,28.1
0,5469,32,801,422,0.286,0.366,0.378,99,2.8,28.0
0,5905,162,638,745,0.271,0.326,0.42,101,-0.7,28.0
0,6052,143,767,696,0.267,0.354,0.416,113,100.9,28.0
0,6878,110,863,662,0.284,0.343,0.416,100,28.8,28.0
0,4350,200,609,701,0.29,0.349,0.516,127,159.2,27.9
0,5414,27,665,657,0.314,0.37,0.416,106,36.4,27.9
0,4292,29,604,281,0.268,0.362,0.371,106,27.6,27.8
0,4904,48,595,570,0.29,0.424,0.396,127,160.1,27.8
0,5380,65,566,585,0.296,0.326,0.398,99,-10.2,27.8
0,6206,97,590,645,0.271,0.337,0.388,100,-4.9,27.8
0,6595,163,745,694,0.257,0.345,0.395,105,27.0,27.8
0,7273,98,1006,649,0.245,0.341,0.354,89,-121.4,27.8
0,7554,140,930,1075,0.292,0.37,0.428,107,46.3,27.8
0,5407,96,525,471,0.233,0.319,0.347,91,-62.0,27.7
0,6768,49,870,976,0.29,0.329,0.404,110,101.1,27.7
0,8787,358,1125,1363,0.285,0.339,0.483,112,102.5,27.7
0,6039,211,727,807,0.265,0.328,0.447,115,106.4,27.6
0,6972,75,934,838,0.299,0.371,0.425,103,11.4,27.6
0,8188,79,1010,856,0.295,0.333,0.396,101,20.5,27.6
0,8219,354,959,1244,0.267,0.313,0.459,116,139.4,27.6
0,6309,188,718,688,0.256,0.305,0.408,89,-103.6,27.5
0,7349,318,945,1147,0.267,0.354,0.475,121,184.5,27.5
0,7618,87,951,671,0.303,0.357,0.408,108,72.9,27.5
0,8052,325,873,1163,0.273,0.332,0.457,119,160.8,27.5
0,6853,319,862,1028,0.283,0.382,0.506,133,219.0,27.4
0,7266,42,1084,932,0.29,0.364,0.373,104,34.9,27.4
0,5067,65,498,506,0.255,0.348,0.347,96,-25.8,27.3
0,5737,207,681,792,0.287,0.353,0.466,127,171.8,27.3
0,6091,58,768,601,0.282,0.398,0.391,117,120.8,27.3
0,6158,171,794,754,0.277,0.35,0.431,107,44.5,27.3
0,5297,151,645,737,0.275,0.361,0.429,114,91.4,27.2
0,6470,279,848,1028,0.298,0.353,0.498,120,164.5,27.2
0,6822,126,896,663,0.289,0.35,0.409,100,-15.6,27.2
0,7108,94,1094,1019,0.255,0.312,0.369,93,-65.0,27.2
0,5686,208,640,782,0.261,0.366,0.438,123,148.3,27.1
0,6995,47,907,797,0.243,0.289,0.332,77,-264.8,27.1
0,3659,113,624,542,0.349,0.413,0.532,141,214.0,27.0
0,4603,100,582,592,0.3,0.397,0.446,134,178.1,27.0
0,4961,106,446,501,0.234,0.32,0.351,93,-39.0,27.0
0,5483,194,681,627,0.261,0.357,0.46,125,157.5,27.0
0,7402,118,662,689,0.257,0.311,0.367,86,-124.2,27.0
0,6447,255,733,879,0.253,0.36,0.439,123,163.0,26.9
0,5761,130,637,596,0.263,0.342,0.399,107,48.9,26.8
0,5956,71,773,490,0.281,0.347,0.398,105,65.1,26.8
0,6885,116,946,992,0.311,0.359,0.461,107,53.9,26.8
0,8166,246,914,1178,0.295,0.36,0.455,117,75.6,26.8
0,3950,124,516,506,0.275,0.367,0.458,113,62.9,26.7
0,4999,40,695,721,0.279,0.346,0.398,113,123.0,26.7
0,5480,62,676,435,0.28,0.349,0.388,113,86.9,26.7
0,6062,74,739,613,0.295,0.375,0.404,113,96.1,26.7
0,4040,95,499,378,0.246,0.304,0.402,95,12.7,26.6
0,4480,94,584,723,0.294,0.328,0.447,97,-14.7,26.6
0,5934,101,605,606,0.25,0.343,0.37,104,18.8,26.6
0,3964,21,604,478,0.289,0.347,0.376,100,28.5,26.5
0,5832,155,631,722,0.251,0.322,0.403,105,31.4,26.5
0,6369,271,909,860,0.273,0.331,0.485,112,111.1,26.5
0,7452,43,883,848,0.272,0.352,0.356,89,-133.8,26.5
0,5227,145,675,546,0.252,0.313,0.411,95,3.7,26.4
0,5405,69,942,497,0.289,0.36,0.413,102,15.2,26.4
0,5728,105,690,550,0.262,0.327,0.384,93,-20.4,26.4
0,5800,34,767,486,0.291,0.334,0.386,94,-18.3,26.4
0,5937,71,830,607,0.297,0.368,0.42,109,56.1,26.4
0,8182,64,1521,736,0.265,0.337,0.361,101,59.5,26.4
0,8959,227,1187,967,0.272,0.318,0.415,93,-53.1,26.4
0,3668,23,428,268,0.301,0.361,0.396,140,147.3,26.3
0,5677,197,710,708,0.258,0.32,0.436,109,49.6,26.3
0,6220,263,769,960,0.283,0.345,0.488,126,168.2,26.3
0,4814,148,560,591,0.271,0.36,0.44,125,135.3,26.1
0,6500,223,771,952,0.279,0.342,0.464,108,25.8,26.1
0,5274,43,821,643,0.26,0.31,0.367,110,71.6,26.0
0,6574,169,869,737,0.257,0.332,0.414,103,41.8,26.0
0,7939,57,980,941,0.291,0.319,0.391,109,97.8,26.0
0,4324,130,558,433,0.255,0.32,0.412,110,54.3,25.9
0,6566,26,971,968,0.299,0.351,0.385,104,96.6,25.9
0,8314,185,912,972,0.279,0.334,0.415,108,68.4,25.9
0,4386,167,465,570,0.245,0.33,0.433,97,-25.6,25.8
0,5845,78,875,539,0.271,0.364,0.392,100,9.5,25.8
0,6072,83,787,821,0.311,0.357,0.45,108,58.0,25.8
0,6278,186,745,756,0.275,0.328,0.433,98,-23.3,25.8
0,6598,235,784,901,0.273,0.336,0.45,116,110.1,25.8
0,6929,169,885,794,0.277,0.321,0.434,98,14.2,25.8
0,6983,287,950,1031,0.284,0.337,0.484,120,174.1,25.8
0,5166,130,657,726,0.303,0.368,0.463,120,117.9,25.7
0,6426,61,720,733,0.273,0.331,0.383,110,89.2,25.7
0,4963,42,516,495,0.288,0.39,0.377,117,97.0,25.6
0,5227,32,640,482,0.274,0.337,0.366,108,71.4,25.6
0,8328,462,1097,1168,0.237,0.364,0.49,123,240.1,25.6
0,4816,70,501,444,0.263,0.312,0.366,86,-77.4,25.5
0,5277,124,733,660,0.285,0.355,0.443,111,69.2,25.5
0,5916,99,740,573,0.275,0.349,0.412,105,39.7,25.5
0,7070,355,1017,1072,0.242,0.337,0.47,111,101.2,25.5
0,8612,185,1137,1030,0.3,0.346,0.441,104,28.7,25.3
0,4900,192,664,561,0.244,0.325,0.441,107,59.1,25.2
0,5414,288,709,876,0.266,0.347,0.496,121,146.5,25.1
0,6580,315,917,981,0.253,0.345,0.481,110,82.7,25.1
0,3574,47,461,517,0.317,0.404,0.472,131,141.7,25.0
0,4340,137,511,588,0.245,0.357,0.427,114,78.0,25.0
0,4626,28,764,644,0.286,0.323,0.392,111,54.3,25.0
0,4713,77,388,647,0.308,0.369,0.43,109,49.7,25.0
0,5551,234,821,785,0.285,0.343,0.5,111,89.3,25.0
0,6308,245,805,803,0.249,0.351,0.447,114,104.2,25.0
0,7212,270,930,958,0.27,0.319,0.459,102,35.1,25.0
0,5976,34,688,510,0.262,0.332,0.342,87,-100.6,24.9
0,3609,39,689,578,0.33,0.401,0.459,122,169.3,24.8
0,4725,200,530,643,0.249,0.348,0.45,126,129.3,24.8
0,5343,80,725,467,0.281,0.359,0.388,108,48.0,24.8
0,6063,233,824,865,0.278,0.358,0.482,118,156.9,24.7
0,5006,77,739,707,0.31,0.376,0.467,114,90.7,24.6
0,5937,110,737,513,0.281,0.327,0.401,96,-2.8,24.6
0,6077,179,684,810,0.264,0.311,0.427,111,69.1,24.6
0,8255,123,985,854,0.272,0.317,0.39,83,-150.9,24.6
0,3691,106,518,529,0.286,0.366,0.455,126,119.0,24.5
0,5189,21,874,539,0.263,0.345,0.338,105,40.9,24.5
0,5254,221,688,733,0.275,0.344,0.49,111,63.1,24.5
0,8208,70,893,728,0.271,0.304,0.369,83,-166.7,24.5
0,5425,162,641,687,0.285,0.359,0.463,122,143.9,24.4
0,4205,135,615,659,0.296,0.36,0.492,126,139.5,24.3
0,4236,170,518,578,0.278,0.345,0.467,129,136.1,24.3
0,5776,164,833,703,0.277,0.346,0.439,114,99.6,24.3
0,5803,15,696,530,0.284,0.359,0.374,112,55.1,24.3
0,5277,28,749,345,0.258,0.353,0.351,109,100.4,24.1
0,5421,113,474,628,0.264,0.314,0.386,94,-43.5,24.1
0,5793,103,690,615,0.286,0.35,0.413,114,85.5,24.1
0,5821,68,965,601,0.273,0.329,0.403,113,98.7,24.1
0,5858,164,723,586,0.243,0.321,0.402,98,26.6,24.1
0,4440,95,609,525,0.281,0.352,0.445,119,112.5,24.0
0,4571,164,495,556,0.243,0.347,0.417,107,41.7,24.0
0,4949,218,604,640,0.241,0.318,0.445,107,41.4,24.0
0,5664,53,604,594,0.29,0.333,0.391,100,-2.6,24.0
0,6057,21,732,426,0.283,0.334,0.358,95,-38.3,24.0
0,6320,168,865,698,0.273,0.358,0.431,116,124.0,24.0
0,6597,135,832,794,0.276,0.357,0.424,108,58.2,24.0
0,6652,80,872,561,0.268,0.352,0.377,101,35.5,24.0
0,8280,18,1075,517,0.295,0.343,0.361,86,-58.6,24.0
0,9505,439,1162,1412,0.279,0.354,0.486,118,129.6,24.0
0,4619,82,588,713,0.293,0.346,0.462,127,149.5,23.9
0,5989,84,714,818,0.279,0.368,0.428,114,113.9,23.9
0,6026,61,785,499,0.295,0.327,0.397,106,57.1,23.9
0,6446,19,807,591,0.3,0.376,0.378,101,10.5,23.9
0,6932,45,770,840,0.278,0.341,0.372,99,-31.0,23.9
0,7073,107,667,708,0.26,0.309,0.364,83,-156.2,23.9
0,9177,287,1084,1365,0.293,0.324,0.461,100,-12.6,23.9
0,4104,104,393,449,0.27,0.349,0.409,107,33.9,23.8
0,5239,18,779,593,0.29,0.327,0.387,112,87.1,23.8
0,5572,64,718,688,0.304,0.374,0.44,110,80.7,23.8
0,5852,198,756,768,0.284,0.336,0.462,107,53.5,23.8
0,6295,253,792,895,0.254,0.36,0.452,122,154.7,23.8
0,6714,190,786,812,0.258,0.343,0.41,103,26.4,23.8
0,3624,122,407,445,0.24,0.358,0.409,118,75.7,23.7
0,4886,85,663,493,0.291,0.373,0.425,112,59.1,23.7
0,4895,153,595,530,0.245,0.335,0.411,115,83.7,23.7
0,5957,90,689,519,0.282,0.35,0.386,103,-3.4,23.7
0,4446,95,541,575,0.282,0.369,0.437,124,115.0,23.5
0,4804,46,698,458,0.296,0.368,0.414,114,105.1,23.5
0,4817,136,613,536,0.273,0.33,0.435,100,10.0,23.5
0,5715,228,760,760,0.249,0.34,0.446,117,122.3,23.5
0,7741,71,1131,984,0.273,0.325,0.36,86,-125.7,23.5
0,4645,179,524,559,0.24,0.331,0.421,107,43.5,23.4
0,5668,118,696,679,0.281,0.339,0.427,112,76.2,23.4
0,3938,29,552,423,0.293,0.359,0.391,122,112.4,23.3
0,4114,51,478,556,0.294,0.353,0.424,128,120.6,23.3
0,5509,235,759,706,0.241,0.336,0.447,109,75.0,23.3
0,7169,271,804,919,0.245,0.327,0.434,106,29.3,23.3
0,4780,166,652,674,0.273,0.347,0.452,123,126.2,23.2
0,7603,90,946,640,0.289,0.332,0.393,91,-80.0,23.2
0,4096,23,618,376,0.301,0.386,0.427,113,64.3,23.0
0,5215,153,603,610,0.267,0.333,0.429,116,86.3,23.0
0,7433,252,927,1021,0.266,0.325,0.442,101,-3.0,23.0
0,4597,25,565,417,0.278,0.367,0.377,120,110.7,22.9
0,5198,39,722,683,0.264,0.303,0.364,95,-39.0,22.9
0,5309,106,701,819,0.31,0.348,0.464,116,106.6,22.9
0,5919,42,755,609,0.267,0.351,0.37,87,-130.4,22.9
0,6116,28,676,574,0.271,0.347,0.35,97,-7.9,22.9
0,6579,138,698,678,0.28,0.319,0.412,97,-45.8,22.9
0,4621,20,640,230,0.261,0.365,0.323,106,47.7,22.8
0,4869,60,575,535,0.284,0.356,0.41,120,105.7,22.8
0,6209,111,712,604,0.254,0.302,0.382,83,-150.5,22.8
0,7164,146,972,567,0.257,0.338,0.379,104,69.1,22.8
0,4626,118,606,546,0.275,0.352,0.434,111,54.7,22.7
0,4902,10,532,429,0.243,0.321,0.303,91,-48.1,22.7
0,5527,104,512,548,0.249,0.326,0.371,93,-49.1,22.7
0,5566,142,737,661,0.289,0.371,0.445,119,121.6,22.7
0,5701,169,580,757,0.263,0.327,0.417,96,-59.4,22.7
0,4026,119,600,704,0.307,0.38,0.487,119,108.0,22.6
0,5619,54,778,402,0.281,0.343,0.378,106,55.6,22.6
0,5842,262,756,925,0.273,0.368,0.496,133,223.0,22.6
0,6392,247,772,985,0.281,0.348,0.481,116,104.0,22.6
0,7632,54,913,550,0.281,0.335,0.358,97,-10.0,22.6
0,3784,11,601,317,0.282,0.326,0.367,118,95.5,22.5
0,6951,22,839,696,0.289,0.339,0.361,98,-35.3,22.5
0,4224,137,579,555,0.274,0.364,0.464,115,77.8,22.4
0,4813,100,633,445,0.276,0.352,0.408,103,22.1,22.4
0,5742,9,746,290,0.271,0.365,0.333,111,61.0,22.4
0,9368,34,1184,1135,0.256,0.289,0.335,73,-333.2,22.4
0,4211,15,743,502,0.274,0.31,0.384,116,95.2,22.3
0,5927,310,797,965,0.254,0.359,0.494,123,167.4,22.3
0,6668,94,937,545,0.273,0.328,0.393,97,-18.1,22.3
0,6715,199,724,816,0.255,0.301,0.418,85,-128.5,22.3
0,4837,139,601,507,0.253,0.355,0.416,121,108.2,22.2
0,5091,167,644,616,0.264,0.336,0.442,106,42.7,22.2
0,4760,24,664,397,0.312,0.386,0.414,112,67.2,22.1
0,4979,7,485,461,0.256,0.334,0.329,97,-8.6,22.1
0,5140,49,834,672,0.272,0.332,0.397,110,85.9,22.1
0,5360,35,708,403,0.276,0.349,0.363,95,29.4,22.1
0,6123,159,740,710,0.275,0.329,0.43,102,16.7,22.1
0,6177,46,834,435,0.278,0.335,0.368,101,16.3,22.1
0,4691,19,554,495,0.269,0.34,0.352,106,43.9,22.0
0,4782,213,619,731,0.273,0.376,0.498,132,179.0,22.0
0,4927,52,661,561,0.297,0.359,0.415,112,57.4,22.0
0,7782,214,870,1071,0.285,0.347,0.443,107,63.8,22.0
0,5134,74,714,667,0.26,0.287,0.384,96,-38.8,21.9
0,5545,70,660,575,0.289,0.349,0.396,109,59.6,21.9
0,5717,50,656,449,0.273,0.328,0.361,88,-90.2,21.9
0,8649,253,986,1110,0.265,0.346,0.423,104,28.5,21.9
0,5323,36,678,361,0.266,0.329,0.357,88,-12.7,21.8
0,5816,97,539,640,0.238,0.29,0.352,79,-137.6,21.8
0,6484,91,676,626,0.26,0.323,0.362,84,-141.2,21.8
0,4332,55,442,342,0.254,0.31,0.354,87,-59.1,21.7
0,5076,26,617,625,0.269,0.339,0.369,96,-44.8,21.6
0,6314,25,886,900,0.303,0.364,0.381,104,37.5,21.6
0,7815,188,807,909,0.28,0.319,0.42,92,-142.2,21.6
0,5025,93,625,467,0.247,0.344,0.375,103,28.0,21.5
0,5258,222,737,754,0.266,0.36,0.481,121,163.3,21.5
0,5330,267,697,744,0.246,0.346,0.475,119,104.0,21.5
0,7488,18,1062,552,0.303,0.378,0.385,102,3.2,21.5
0,4152,145,575,485,0.273,0.328,0.464,111,68.2,21.4
0,4271,134,447,534,0.249,0.324,0.41,98,-16.2,21.4
0,4835,64,548,470,0.267,0.351,0.375,112,68.4,21.4
0,4989,187,625,702,0.27,0.37,0.458,118,119.0,21.4
0,6205,115,853,580,0.297,0.36,0.43,107,65.2,21.4
0,6872,64,936,581,0.309,0.364,0.42,108,60.5,21.4
0,4202,63,548,430,0.299,0.345,0.42,111,64.5,21.3
0,4252,59,478,614,0.295,0.331,0.44,126,121.9,21.3
0,4640,20,474,513,0.271,0.318,0.357,100,-8.1,21.3
0,4742,51,517,549,0.273,0.36,0.388,100,7.7,21.3
0,6317,6,732,451,0.264,0.329,0.326,91,-73.8,21.3
0,6344,153,746,763,0.267,0.356,0.411,113,102.1,21.3
0,3929,171,531,560,0.269,0.345,0.49,111,47.2,21.2
0,5267,132,662,636,0.272,0.369,0.423,118,109.2,21.2
0,5839,193,664,757,0.256,0.341,0.435,99,-27.5,21.2
0,3621,80,432,367,0.284,0.351,0.428,117,74.4,21.1
0,4503,77,415,476,0.283,0.338,0.412,104,17.5,21.1
0,5010,160,568,683,0.28,0.38,0.45,125,142.4,21.1
0,5848,215,759,909,0.297,0.366,0.486,117,121.2,21.1
0,4611,27,514,514,0.278,0.34,0.38,111,62.7,21.0
0,4984,126,607,545,0.26,0.333,0.416,103,47.3,21.0
0,5413,93,648,542,0.273,0.341,0.412,98,-2.5,21.0
0,5770,2,779,344,0.268,0.352,0.317,102,19.7,21.0
0,7696,138,936,775,0.275,0.333,0.395,103,45.4,21.0
0,8133,16,1318,736,0.301,0.347,0.355,98,7.4,21.0
0,3512,16,479,253,0.269,0.377,0.343,117,81.7,20.9
0,5755,138,710,735,0.296,0.341,0.455,113,87.1,20.9
0,3511,98,345,427,0.254,0.339,0.405,116,60.9,20.8
0,4384,43,813,407,0.288,0.323,0.41,118,107.9,20.8
0,6825,227,996,801,0.293,0.353,0.479,109,88.9,20.8
0,4928,2,457,348,0.255,0.347,0.295,95,-38.9,20.7
0,5041,147,643,579,0.25,0.33,0.416,106,31.6,20.7
0,5861,100,664,609,0.287,0.335,0.412,103,6.1,20.7
0,3835,16,580,255,0.291,0.379,0.359,117,83.5,20.6
0,3947,125,455,544,0.295,0.373,0.474,130,137.0,20.6
0,5197,200,656,666,0.265,0.356,0.454,127,156.3,20.6
0,5370,27,591,593,0.278,0.341,0.374,109,51.7,20.6
0,4879,146,597,575,0.262,0.321,0.426,104,43.6,20.5
0,5112,159,594,682,0.274,0.328,0.442,116,94.8,20.5
0,6217,162,736,695,0.266,0.323,0.417,96,-22.6,20.5
0,6642,319,839,951,0.244,0.314,0.467,106,47.4,20.5
0,7110,127,790,720,0.276,0.332,0.404,95,-58.0,20.5
0,5109,17,678,413,0.284,0.346,0.36,118,115.3,20.4
0,5486,268,681,782,0.225,0.324,0.448,114,78.0,20.4
0,6007,38,612,793,0.284,0.333,0.384,109,34.3,20.4
0,6220,31,780,427,0.307,0.345,0.381,106,42.1,20.4
0,6247,41,736,490,0.242,0.309,0.324,79,-114.8,20.4
0,7429,442,901,1210,0.236,0.302,0.478,113,107.5,20.4
0,4871,71,496,435,0.264,0.317,0.374,94,-28.2,20.3
0,5292,21,623,421,0.272,0.307,0.355,91,-61.1,20.3
0,6084,65,818,874,0.307,0.369,0.438,104,27.1,20.3
0,6476,32,711,715,0.263,0.314,0.357,95,-43.6,20.3
0,6592,265,814,1002,0.278,0.316,0.469,111,85.2,20.3
0,4521,59,754,501,0.298,0.358,0.443,114,103.4,20.2
0,5406,84,570,642,0.277,0.34,0.403,114,58.8,20.2
0,6007,123,697,739,0.284,0.339,0.426,94,-48.9,20.2
0,6072,126,761,663,0.289,0.344,0.421,107,57.4,20.2
0,5264,69,655,784,0.314,0.372,0.449,111,67.7,20.1
0,5528,29,558,446,0.278,0.351,0.362,98,-19.9,20.0
0,3796,148,478,532,0.264,0.36,0.451,117,82.8,19.9
0,5196,121,590,594,0.257,0.33,0.406,103,7.3,19.9
0,6254,51,826,912,0.275,0.337,0.383,98,-45.4,19.9
0,7653,68,739,594,0.243,0.314,0.321,73,-258.2,19.9
0,7739,153,811,1052,0.294,0.329,0.405,107,73.1,19.9
0,4879,80,672,699,0.302,0.346,0.458,105,37.3,19.8
0,5152,149,611,609,0.267,0.338,0.426,111,63.3,19.8
0,6996,79,996,543,0.283,0.359,0.39,94,-30.9,19.8
0,3658,11,453,351,0.275,0.367,0.359,114,74.1,19.7
0,4695,150,534,610,0.274,0.337,0.446,100,-15.0,19.7
0,4786,37,555,579,0.27,0.323,0.379,107,67.6,19.7
0,4866,94,632,485,0.28,0.328,0.413,99,24.7,19.7
0,5271,122,691,513,0.262,0.354,0.406,106,31.9,19.7
0,6326,31,992,758,0.269,0.323,0.357,89,-97.1,19.7
0,7211,124,954,997,0.294,0.331,0.43,97,-11.2,19.7
0,3925,86,507,419,0.268,0.349,0.408,116,67.8,19.6
0,4036,65,728,617,0.311,0.376,0.448,120,134.8,19.6
0,5592,22,605,452,0.248,0.301,0.329,90,-45.4,19.6
0,6302,13,661,390,0.246,0.326,0.314,90,-67.4,19.6
0,3815,23,584,370,0.243,0.283,0.333,97,-14.2,19.5
0,4061,64,525,436,0.291,0.403,0.417,124,113.8,19.5
0,4213,218,560,684,0.277,0.34,0.499,126,119.0,19.5
0,5428,61,612,541,0.265,0.353,0.373,98,-26.5,19.5
0,5448,204,713,624,0.247,0.337,0.445,101,20.8,19.5
0,6787,47,726,568,0.274,0.319,0.351,87,-106.5,19.5
0,4498,32,544,586,0.301,0.378,0.413,112,72.3,19.4
0,4558,160,496,591,0.253,0.337,0.419,113,62.9,19.4
0,4653,65,621,381,0.273,0.333,0.396,100,18.9,19.4
0,5204,80,719,513,0.28,0.34,0.399,99,4.9,19.4
0,5259,55,568,474,0.258,0.333,0.342,85,-97.4,19.4
0,5755,57,781,503,0.269,0.345,0.363,95,-5.7,19.4
0,6531,382,848,1194,0.258,0.343,0.515,121,137.3,19.4
0,4512,4,562,319,0.269,0.346,0.343,111,43.6,19.3
0,4714,130,581,634,0.278,0.367,0.431,121,113.9,19.3
0,4945,89,598,498,0.265,0.345,0.396,100,-2.1,19.3
0,5902,127,817,517,0.259,0.358,0.417,107,76.8,19.3
0,8278,305,1055,1207,0.272,0.335,0.465,110,95.1,19.3
0,3584,133,485,415,0.252,0.347,0.444,122,88.9,19.2
0,4181,125,541,481,0.271,0.364,0.44,114,64.3,19.2
0,4229,113,481,535,0.277,0.351,0.423,115,46.8,19.2
0,4688,19,520,489,0.283,0.357,0.373,121,101.9,19.2
0,5563,30,930,517,0.26,0.325,0.34,104,56.1,19.2
0,8501,75,1005,598,0.261,0.321,0.352,89,-106.6,19.2
0,4465,64,584,414,0.28,0.33,0.408,102,51.3,19.1
0,4725,179,612,560,0.235,0.316,0.425,101,8.9,19.1
0,5121,119,545,628,0.259,0.343,0.4,98,-19.2,19.1
0,5486,77,683,509,0.277,0.341,0.388,96,-23.3,19.1
0,5516,7,539,267,0.236,0.327,0.288,80,-116.8,19.1
0,6174,9,844,394,0.286,0.343,0.353,86,-117.7,19.1
0,3682,19,693,334,0.256,0.373,0.355,118,102.8,19.0
0,3909,86,438,421,0.263,0.33,0.397,103,19.1,19.0
0,4310,125,491,584,0.249,0.324,0.413,106,42.9,19.0
0,4357,41,555,403,0.312,0.368,0.416,114,67.0,19.0
0,4426,167,389,608,0.244,0.322,0.413,102,13.6,19.0
0,4616,195,564,632,0.253,0.358,0.465,122,122.0,19.0
0,5939,319,744,1008,0.255,0.345,0.482,118,122.7,19.0
0,6520,292,767,976,0.253,0.361,0.472,117,116.4,19.0
0,3927,91,505,528,0.303,0.38,0.455,117,90.5,18.9
0,6168,169,654,736,0.261,0.336,0.409,103,9.8,18.9
0,6558,76,768,629,0.295,0.36,0.395,100,-19.7,18.9
0,5052,153,548,639,0.278,0.33,0.443,110,24.9,18.8
0,5893,286,745,818,0.232,0.346,0.462,117,128.1,18.8
0,10037,174,1077,1208,0.289,0.321,0.408,97,-27.6,18.8
0,4167,15,697,399,0.241,0.375,0.323,111,75.8,18.7
0,5263,48,572,747,0.3,0.383,0.399,106,42.2,18.7
0,5004,91,650,458,0.286,0.339,0.41,109,54.2,18.6
0,5442,67,731,438,0.274,0.314,0.386,96,3.3,18.6
0,5627,58,643,473,0.271,0.313,0.372,88,-59.2,18.6
0,5848,79,809,513,0.298,0.344,0.408,106,47.6,18.6
0,3910,66,566,319,0.276,0.354,0.409,109,64.1,18.5
0,4015,102,357,410,0.228,0.298,0.355,82,-86.1,18.5
0,4828,149,652,522,0.256,0.344,0.422,111,76.0,18.4
0,5560,13,448,537,0.263,0.349,0.337,91,-68.7,18.4
0,5944,181,724,711,0.263,0.315,0.427,96,-10.0,18.4
0,4189,190,510,603,0.259,0.332,0.467,122,103.2,18.3
0,4522,154,550,570,0.263,0.33,0.442,112,64.4,18.3
0,5139,155,632,550,0.251,0.33,0.422,102,21.5,18.3
0,5600,180,754,773,0.266,0.342,0.438,103,10.7,18.3
0,6055,80,682,571,0.272,0.327,0.384,88,-84.8,18.3
0,3845,31,405,437,0.261,0.323,0.382,119,88.8,18.2
0,4420,119,643,614,0.305,0.387,0.478,120,118.1,18.2
0,4723,11,449,557,0.277,0.327,0.362,102,11.3,18.2
0,4891,172,546,723,0.268,0.353,0.44,113,74.9,18.2
0,5994,100,643,658,0.282,0.36,0.396,112,80.2,18.2
0,6449,240,720,882,0.261,0.355,0.439,121,151.1,18.2
0,8164,110,935,723,0.258,0.312,0.367,76,-244.5,18.2
0,5112,161,733,474,0.246,0.344,0.42,106,61.0,18.1
0,5243,124,687,585,0.29,0.337,0.43,106,49.4,18.1
0,5424,38,805,526,0.269,0.369,0.372,94,-40.7,18.1
0,5628,22,754,410,0.294,0.347,0.374,101,5.0,18.1
0,6480,91,795,580,0.276,0.341,0.389,96,-36.0,18.1
0,7384,320,902,1105,0.276,0.321,0.476,91,-112.0,18.1
0,4119,166,536,491,0.241,0.31,0.436,102,34.0,18.0
0,5505,115,601,590,0.27,0.307,0.392,87,-82.5,18.0
0,3673,3,648,208,0.253,0.33,0.299,106,32.2,17.9
0,4730,93,565,524,0.281,0.339,0.404,112,61.5,17.9
0,5227,122,595,576,0.257,0.343,0.396,106,38.0,17.9
0,3840,89,426,526,0.277,0.371,0.423,127,113.5,17.8
0,3893,32,478,466,0.287,0.374,0.407,124,104.2,17.8
0,4237,21,568,259,0.236,0.332,0.31,85,-47.5,17.8
0,4407,1,653,373,0.249,0.276,0.296,85,-78.2,17.8
0,4494,57,522,373,0.266,0.303,0.364,85,-79.3,17.8
0,4616,72,578,591,0.299,0.357,0.415,112,75.9,17.8
0,4751,32,676,558,0.254,0.301,0.332,85,-114.2,17.8
0,5664,187,736,709,0.272,0.358,0.455,111,81.5,17.8
0,7100,284,797,1027,0.268,0.325,0.454,108,61.9,17.8
0,3858,107,428,451,0.281,0.342,0.438,116,74.9,17.7
0,4139,98,552,350,0.276,0.307,0.407,93,-14.4,17.7
0,4651,15,501,560,0.281,0.331,0.377,108,35.9,17.7
0,6415,38,832,531,0.268,0.303,0.352,75,-223.3,17.7
0,3865,85,600,632,0.291,0.357,0.44,111,64.0,17.6
0,3917,61,438,340,0.239,0.35,0.341,99,-7.5,17.6
0,3984,127,364,490,0.245,0.307,0.403,89,-56.2,17.6
0,4082,137,443,517,0.246,0.295,0.412,89,-65.2,17.6
0,4368,9,643,289,0.27,0.356,0.325,107,38.8,17.6
0,5488,42,647,390,0.255,0.342,0.344,82,-126.6,17.6
0,5641,114,685,601,0.273,0.338,0.415,96,-29.0,17.6
0,3958,26,502,255,0.29,0.357,0.383,113,72.8,17.5
0,4145,67,554,428,0.267,0.36,0.4,109,54.3,17.5
0,4283,86,511,405,0.256,0.33,0.39,97,10.9,17.5
0,4318,61,459,391,0.281,0.336,0.402,103,10.0,17.5
0,4623,24,643,358,0.222,0.287,0.313,92,-52.9,17.5
0,4631,30,663,352,0.294,0.358,0.38,103,25.7,17.5
0,4892,130,594,597,0.276,0.328,0.425,104,28.4,17.5
0,5395,202,707,792,0.271,0.341,0.462,107,48.5,17.5
0,4616,174,557,544,0.254,0.293,0.428,93,-41.4,17.4
0,6007,33,819,835,0.267,0.301,0.354,83,-183.1,17.4
0,7102,80,718,607,0.251,0.325,0.344,76,-244.9,17.4
0,7239,53,943,614,0.259,0.349,0.341,86,-120.6,17.4
0,3714,116,494,426,0.268,0.326,0.445,110,47.1,17.3
0,3946,47,420,417,0.264,0.344,0.37,98,-5.1,17.3
0,4141,14,506,294,0.277,0.326,0.356,104,32.6,17.3
0,5480,10,667,329,0.254,0.324,0.323,92,-43.2,17.3
0,6211,163,735,684,0.253,0.329,0.404,92,-64.2,17.3
0,6711,31,718,621,0.234,0.316,0.314,83,-126.9,17.3
0,6786,242,806,904,0.278,0.342,0.464,111,84.5,17.3
0,3532,55,243,327,0.233,0.322,0.335,84,-68.3,17.2
0,3909,110,516,443,0.248,0.327,0.419,104,39.9,17.2
0,4075,77,313,443,0.263,0.318,0.371,91,-43.8,17.2
0,4295,52,466,388,0.271,0.371,0.367,113,59.1,17.2
0,5316,191,668,590,0.235,0.314,0.428,95,-2.3,17.2
0,5319,107,605,550,0.274,0.322,0.409,103,13.8,17.2
0,4532,103,564,585,0.277,0.355,0.426,107,38.9,17.1
0,4603,196,539,699,0.258,0.355,0.459,126,134.4,17.1
0,4847,31,784,749,0.276,0.323,0.378,101,12.6,17.1
0,6102,197,809,794,0.277,0.344,0.461,112,84.3,17.1
0,6235,7,516,447,0.218,0.281,0.264,68,-237.4,17.1
0,9154,396,1170,1445,0.259,0.306,0.464,102,30.6,17.1
0,3521,31,435,286,0.27,0.336,0.366,93,-2.5,17.0
0,4812,154,600,709,0.256,0.324,0.425,98,-10.5,17.0
0,6035,29,994,883,0.264,0.293,0.338,84,-114.0,17.0
0,3906,71,348,438,0.266,0.34,0.382,101,4.7,16.9
0,5201,44,677,503,0.282,0.332,0.398,108,56.6,16.9
0,7367,164,926,824,0.278,0.325,0.42,105,50.9,16.9
0,7451,256,850,992,0.263,0.318,0.439,105,40.0,16.9
0,5604,306,748,943,0.261,0.344,0.507,118,112.6,16.8
0,5816,13,945,462,0.242,0.351,0.308,99,-5.2,16.8
0,3659,61,419,487,0.271,0.346,0.391,102,6.9,16.7
0,4089,73,445,435,0.272,0.354,0.407,109,42.0,16.7
0,4179,121,522,494,0.253,0.351,0.413,104,23.2,16.7
0,5020,53,508,501,0.262,0.349,0.353,94,-38.9,16.7
0,5248,45,676,514,0.283,0.346,0.391,93,-51.6,16.7
0,5705,35,701,392,0.28,0.345,0.355,92,-49.7,16.7
0,6317,93,696,927,0.295,0.343,0.415,93,-51.6,16.7
0,6598,15,513,554,0.23,0.279,0.306,72,-207.7,16.7
0,6607,51,613,652,0.261,0.326,0.337,85,-126.6,16.7
0,9108,15,987,525,0.26,0.3,0.32,70,-291.9,16.7
0,3770,67,458,426,0.283,0.365,0.409,119,88.9,16.6
0,4255,78,565,376,0.286,0.369,0.421,120,104.6,16.6
0,5369,106,759,766,0.29,0.367,0.455,108,47.5,16.6
0,6035,22,720,395,0.284,0.363,0.351,95,-24.0,16.6
0,3981,38,465,553,0.311,0.376,0.423,114,60.7,16.5
0,5502,251,614,815,0.252,0.287,0.453,100,-4.8,16.5
0,4190,5,552,396,0.241,0.299,0.305,89,-79.8,16.4
0,4590,125,526,569,0.278,0.335,0.448,108,50.3,16.4
0,5027,120,535,545,0.27,0.334,0.405,103,10.1,16.4
0,5041,59,520,571,0.269,0.311,0.391,103,14.3,16.4
0,5065,18,777,503,0.25,0.272,0.315,91,-74.3,16.4
0,5683,33,839,567,0.267,0.333,0.345,100,-9.5,16.4
0,8745,79,908,1078,0.29,0.341,0.397,95,-61.5,16.4
0,3638,105,352,397,0.233,0.348,0.393,104,-7.5,16.3
0,3786,136,362,534,0.271,0.318,0.432,102,-20.2,16.3
0,4462,80,427,422,0.24,0.303,0.347,87,-67.6,16.3
0,4823,99,553,475,0.278,0.366,0.413,121,111.1,16.3
0,4844,39,352,404,0.252,0.316,0.326,83,-101.8,16.3
0,4066,90,591,352,0.252,0.342,0.41,109,70.5,16.2
0,4184,3,331,346,0.22,0.269,0.273,74,-129.9,16.2
0,4735,130,583,604,0.274,0.347,0.423,108,46.9,16.2
0,5292,4,494,534,0.275,0.365,0.332,89,-93.3,16.2
0,5708,128,720,654,0.298,0.359,0.445,108,50.6,16.2
0,5905,35,783,391,0.278,0.342,0.366,103,12.8,16.2
0,6213,25,629,653,0.265,0.305,0.344,86,-92.5,16.2
0,6522,91,735,502,0.267,0.316,0.379,89,-95.3,16.2
0,3771,10,402,343,0.25,0.319,0.326,97,-7.2,16.1
0,4302,80,483,481,0.286,0.337,0.409,97,-51.2,16.1
0,4355,149,537,503,0.242,0.342,0.425,112,68.0,16.0
0,4886,58,717,556,0.296,0.369,0.437,107,32.2,16.0
0,5229,102,578,531,0.267,0.329,0.394,102,4.2,16.0
0,5868,133,647,728,0.274,0.315,0.399,89,-77.0,16.0
0,4051,27,695,300,0.252,0.345,0.356,107,48.1,15.9
0,4155,47,491,357,0.274,0.335,0.372,95,-12.9,15.9
0,4981,77,552,456,0.258,0.318,0.367,91,-54.1,15.9
0,3932,17,537,497,0.303,0.34,0.373,96,-4.0,15.8
0,5843,26,847,557,0.294,0.341,0.38,101,5.8,15.8
0,3596,1,544,356,0.265,0.291,0.313,97,-31.2,15.7
0,4047,129,458,514,0.252,0.322,0.43,99,-13.3,15.7
0,4122,73,551,573,0.289,0.352,0.441,100,-13.1,15.7
0,4356,141,544,531,0.257,0.323,0.422,94,-33.8,15.7
0,4912,91,562,533,0.254,0.354,0.374,98,-5.0,15.7
0,5093,22,580,421,0.271,0.337,0.341,106,29.9,15.7
0,5291,118,609,611,0.27,0.323,0.411,105,28.4,15.7
0,3624,7,613,298,0.267,0.313,0.327,99,-17.2,15.6
0,3686,48,434,371,0.297,0.335,0.413,97,-10.2,15.6
0,4067,147,522,530,0.277,0.356,0.475,121,95.7,15.6
0,4595,56,535,381,0.248,0.337,0.357,92,-36.1,15.6
0,4790,137,501,547,0.245,0.316,0.394,94,-44.3,15.6
0,4791,40,644,450,0.29,0.37,0.407,103,1.4,15.6
0,5121,164,593,636,0.253,0.305,0.43,95,-29.0,15.6
0,5515,21,785,377,0.282,0.341,0.358,94,-22.0,15.6
0,5895,134,731,774,0.291,0.332,0.423,99,-13.0,15.6
0,4428,146,440,550,0.249,0.313,0.409,92,-76.8,15.5
0,5026,40,451,423,0.247,0.297,0.321,75,-154.4,15.5
0,4310,98,556,565,0.278,0.353,0.426,106,27.6,15.4
0,4727,29,665,396,0.291,0.364,0.384,97,-14.2,15.4
0,3790,57,404,501,0.279,0.342,0.398,99,-8.5,15.3
0,4042,88,437,446,0.252,0.344,0.388,92,-56.0,15.3
0,4106,94,443,365,0.252,0.319,0.401,94,-34.1,15.3
0,4652,13,501,455,0.25,0.289,0.326,92,-29.1,15.3
0,5132,81,430,524,0.242,0.311,0.353,82,-114.0,15.3
0,6291,104,711,708,0.262,0.303,0.383,82,-136.8,15.3
0,4635,16,532,560,0.271,0.342,0.361,94,-61.7,15.2
0,5177,136,623,591,0.269,0.33,0.415,103,13.9,15.2
0,5577,215,595,683,0.247,0.307,0.431,96,-46.5,15.2
0,5644,130,690,735,0.302,0.367,0.447,109,46.5,15.2
0,3734,19,421,263,0.245,0.323,0.323,77,-80.0,15.1
0,4290,156,533,533,0.252,0.326,0.437,107,55.4,15.1
0,4458,17,562,534,0.266,0.299,0.374,106,25.6,15.1
0,4703,208,584,743,0.27,0.343,0.472,112,72.2,15.1
0,6664,161,873,703,0.259,0.315,0.42,100,24.7,15.1
0,4227,31,496,438,0.304,0.355,0.389,112,54.0,15.0
0,4360,58,725,594,0.276,0.337,0.404,100,36.2,15.0
0,4397,210,594,699,0.266,0.323,0.485,110,53.0,15.0
0,5248,27,566,392,0.27,0.349,0.35,94,-53.5,15.0
0,6168,65,895,694,0.298,0.347,0.415,97,-31.0,15.0
0,5122,70,545,448,0.244,0.328,0.349,85,-94.3,14.9
0,6189,106,692,556,0.254,0.313,0.366,86,-102.8,14.9
0,3913,58,497,436,0.27,0.333,0.4,105,23.4,14.8
0,4128,121,523,465,0.248,0.346,0.409,113,69.2,14.8
0,4619,47,331,525,0.265,0.313,0.36,89,-65.9,14.8
0,4787,17,408,539,0.289,0.342,0.367,91,-59.7,14.8
0,4917,123,565,524,0.252,0.318,0.423,92,-47.7,14.8
0,5516,25,623,386,0.258,0.351,0.326,81,-124.9,14.8
0,7527,144,895,854,0.285,0.334,0.417,101,0.0,14.8
0,3563,86,415,379,0.254,0.336,0.404,106,22.8,14.7
0,3737,14,339,254,0.256,0.346,0.317,88,-61.4,14.7
0,4596,39,527,320,0.26,0.333,0.351,87,-70.3,14.7
0,5111,40,473,550,0.239,0.265,0.341,83,-104.6,14.7
0,6461,126,765,658,0.284,0.315,0.411,94,-47.4,14.7
0,4251,72,556,354,0.254,0.323,0.374,93,0.4,14.6
0,4443,76,535,513,0.304,0.361,0.433,111,57.1,14.6
0,4455,113,518,443,0.264,0.332,0.412,108,53.3,14.6
0,5246,15,549,389,0.272,0.308,0.334,66,-229.1,14.6
0,7214,325,984,1072,0.274,0.338,0.488,110,64.8,14.6
0,4229,51,460,392,0.258,0.325,0.368,91,-42.9,14.5
0,5617,152,563,648,0.233,0.301,0.384,81,-135.0,14.5
0,4561,237,572,776,0.265,0.329,0.486,113,74.7,14.4
0,4797,71,590,369,0.267,0.341,0.375,96,-16.2,14.4
0,5096,27,616,471,0.27,0.307,0.364,101,12.9,14.4
0,4347,73,500,388,0.27,0.316,0.396,95,-16.3,14.3
0,4513,230,578,600,0.22,0.324,0.442,110,48.3,14.3
0,4616,88,441,519,0.262,0.309,0.382,80,-128.6,14.3
0,4666,17,629,324,0.287,0.345,0.369,98,-6.6,14.3
0,4805,9,584,354,0.258,0.31,0.32,87,-72.0,14.3
0,5776,125,650,656,0.272,0.343,0.403,106,47.6,14.3
0,3911,112,578,482,0.26,0.358,0.42,110,39.5,14.2
0,4831,93,571,460,0.259,0.359,0.385,112,73.4,14.2
0,5177,51,707,454,0.291,0.36,0.385,98,-11.5,14.2
0,6325,22,699,403,0.279,0.322,0.343,87,-92.4,14.2
0,4438,23,557,279,0.237,0.321,0.299,75,-94.0,14.1
0,3680,121,373,396,0.233,0.337,0.395,107,26.8,14.0
0,4084,126,525,458,0.261,0.344,0.446,112,55.2,14.0
0,4127,50,457,447,0.268,0.335,0.383,88,-77.5,13.9
0,4192,109,514,449,0.225,0.303,0.381,82,-79.5,13.9
0,5338,80,688,475,0.269,0.333,0.384,88,-64.8,13.9
0,6582,57,840,537,0.273,0.36,0.373,97,-28.1,13.9
0,8782,306,1084,1322,0.268,0.315,0.45,101,12.9,13.9
0,3629,70,469,541,0.276,0.344,0.437,110,46.8,13.8
0,3863,173,481,520,0.243,0.322,0.451,116,72.3,13.8
0,4440,28,552,369,0.269,0.346,0.35,95,-34.0,13.8
0,4807,47,686,593,0.291,0.362,0.408,99,-26.2,13.8
0,4928,56,505,353,0.23,0.308,0.316,76,-135.6,13.8
0,4988,179,636,582,0.242,0.315,0.417,101,4.0,13.8
0,5026,40,783,382,0.287,0.339,0.385,101,20.3,13.8
0,5291,84,490,595,0.271,0.321,0.39,98,-18.9,13.8
0,5507,32,667,373,0.272,0.338,0.351,95,-6.8,13.8
0,6476,149,656,824,0.269,0.315,0.403,99,-19.1,13.8
0,3986,154,454,587,0.26,0.33,0.451,110,49.2,13.7
0,4149,57,436,323,0.244,0.341,0.344,102,5.5,13.7
0,4253,11,442,389,0.272,0.349,0.344,99,4.3,13.7
0,4305,202,495,599,0.234,0.32,0.443,99,-6.4,13.7
0,4318,112,540,485,0.262,0.323,0.412,103,13.5,13.7
0,4810,41,500,432,0.274,0.306,0.359,84,-89.7,13.7
0,4967,70,580,420,0.257,0.324,0.368,87,-72.2,13.7
0,5556,9,722,506,0.274,0.352,0.354,90,-85.6,13.7
0,3507,65,443,453,0.275,0.348,0.41,105,20.0,13.6
0,4629,24,575,464,0.294,0.34,0.384,95,-23.4,13.6
0,4950,211,636,669,0.272,0.34,0.455,120,117.6,13.6
0,5648,23,577,430,0.262,0.325,0.321,81,-126.8,13.6
0,3675,77,419,399,0.269,0.328,0.388,99,-0.9,13.5
0,3685,116,391,445,0.261,0.326,0.414,115,53.1,13.5
0,4617,108,612,484,0.257,0.332,0.405,93,-27.4,13.5
0,5578,95,650,471,0.242,0.29,0.367,82,-113.0,13.5
0,4160,43,393,516,0.275,0.335,0.396,108,24.9,13.4
0,4247,48,620,506,0.299,0.368,0.421,104,7.6,13.4
0,5380,123,587,589,0.257,0.32,0.396,86,-111.2,13.4
0,5737,103,734,532,0.261,0.331,0.396,94,-39.7,13.4
0,3531,90,351,455,0.264,0.336,0.42,107,21.9,13.3
0,3567,108,385,513,0.276,0.352,0.45,120,88.5,13.3
0,3806,132,449,508,0.262,0.322,0.445,103,23.6,13.3
0,3851,70,504,342,0.263,0.33,0.401,102,10.9,13.3
0,4377,29,421,394,0.254,0.316,0.352,100,-0.5,13.3
0,4865,112,520,588,0.273,0.309,0.406,84,-109.1,13.3
0,5576,18,706,420,0.25,0.354,0.342,103,6.1,13.3
0,6182,45,670,478,0.258,0.295,0.345,72,-168.4,13.3
0,6373,20,552,551,0.249,0.281,0.315,66,-292.8,13.3
0,3538,117,467,509,0.262,0.346,0.452,111,42.0,13.2
0,4061,118,465,522,0.293,0.349,0.454,119,81.1,13.2
0,5066,175,656,760,0.282,0.36,0.462,119,118.9,13.2
0,7082,124,612,648,0.237,0.275,0.351,73,-218.0,13.2
0,3523,105,465,423,0.259,0.341,0.415,102,7.6,13.1
0,3730,163,467,563,0.265,0.307,0.459,107,25.3,13.1
0,4468,98,451,521,0.265,0.306,0.398,93,-43.7,13.1
0,4545,58,422,343,0.255,0.308,0.344,91,-54.4,13.1
0,4699,90,397,513,0.245,0.32,0.361,92,-45.3,13.1
0,4873,103,642,531,0.277,0.351,0.421,108,51.1,13.1
0,5664,89,691,799,0.286,0.347,0.42,94,-68.0,13.1
0,7133,28,773,619,0.264,0.287,0.338,66,-311.9,13.1
0,4102,105,491,480,0.254,0.308,0.401,93,-47.3,13.0
0,4114,162,549,538,0.271,0.329,0.478,113,65.4,13.0
0,4218,43,448,372,0.257,0.31,0.343,85,-78.7,13.0
0,4355,7,449,308,0.287,0.372,0.351,105,18.3,13.0
0,4535,159,518,560,0.252,0.335,0.426,108,41.4,13.0
0,4966,42,643,448,0.275,0.333,0.375,92,-50.3,13.0
0,5068,134,642,668,0.276,0.336,0.421,101,16.3,13.0
0,5242,27,548,304,0.256,0.308,0.313,83,-84.8,13.0
0,5813,87,617,481,0.258,0.319,0.358,91,-59.6,13.0
0,3672,104,470,444,0.272,0.333,0.442,112,48.5,12.9
0,3724,31,518,485,0.316,0.355,0.432,102,5.0,12.9
0,4372,25,362,455,0.26,0.307,0.355,90,-58.0,12.9
0,6553,189,798,877,0.268,0.357,0.427,106,39.8,12.9
0,3985,131,455,498,0.249,0.344,0.413,114,61.0,12.8
0,4225,13,560,265,0.272,0.349,0.338,87,-53.7,12.8
0,4296,36,509,329,0.279,0.315,0.364,93,-26.7,12.8
0,5255,8,572,365,0.247,0.325,0.313,89,-69.7,12.8
0,5386,13,529,637,0.27,0.304,0.353,97,-19.4,12.8
0,5419,18,637,722,0.273,0.316,0.346,84,-140.4,12.8
0,5698,82,609,542,0.271,0.308,0.387,86,-84.6,12.8
0,5476,219,606,721,0.258,0.301,0.432,104,21.0,12.7
0,5596,15,547,564,0.265,0.292,0.339,90,-62.1,12.7
0,3558,87,361,406,0.262,0.329,0.411,88,-71.5,12.6
0,4069,71,405,415,0.264,0.35,0.391,100,-10.4,12.6
0,4243,75,523,391,0.262,0.339,0.387,100,0.1,12.6
0,3798,82,311,381,0.236,0.292,0.35,75,-108.3,12.5
0,4736,123,596,528,0.262,0.335,0.419,103,11.3,12.5
0,4872,59,731,353,0.288,0.342,0.392,104,61.2,12.5
0,4962,74,663,446,0.27,0.324,0.382,95,-23.7,12.5
0,4993,165,632,630,0.277,0.326,0.448,97,-31.0,12.5
0,5253,171,648,683,0.292,0.351,0.475,112,55.4,12.5
0,5398,21,640,353,0.258,0.327,0.341,85,-106.0,12.5
0,3753,122,500,399,0.247,0.35,0.44,105,27.4,12.4
0,4004,56,337,331,0.236,0.296,0.334,82,-85.4,12.4
0,4271,124,377,583,0.269,0.318,0.423,90,-52.7,12.4
0,4382,94,533,419,0.274,0.323,0.41,107,33.5,12.4
0,4742,40,627,343,0.282,0.348,0.379,92,-55.2,12.4
0,5089,168,623,603,0.252,0.312,0.418,86,-107.0,12.4
0,5339,61,565,426,0.265,0.306,0.366,75,-161.4,12.4
0,3538,87,327,452,0.255,0.297,0.387,86,-64.2,12.3
0,4614,31,650,631,0.254,0.288,0.337,89,-88.4,12.3
0,4706,169,518,603,0.259,0.316,0.429,104,3.2,12.3
0,4976,43,706,496,0.292,0.359,0.402,96,-38.9,12.3
0,6024,265,770,899,0.262,0.356,0.477,115,96.6,12.3
0,6362,102,651,766,0.291,0.333,0.409,107,40.0,12.3
0,3938,136,483,469,0.28,0.323,0.476,110,47.4,12.2
0,4209,12,467,277,0.276,0.325,0.35,98,-2.7,12.2
0,5456,75,717,408,0.306,0.339,0.416,106,39.2,12.2
0,5766,144,580,740,0.262,0.316,0.398,88,-89.8,12.2
0,6038,108,704,717,0.27,0.319,0.403,98,-19.4,12.2
0,3762,115,510,610,0.298,0.375,0.478,112,69.5,12.1
0,4014,17,539,374,0.282,0.337,0.367,101,24.8,12.1
0,4039,40,487,486,0.269,0.36,0.377,103,21.6,12.1
0,4259,134,503,530,0.257,0.308,0.42,94,-13.0,12.1
0,4959,221,625,718,0.251,0.299,0.453,90,-78.8,12.1
0,4969,44,618,482,0.284,0.35,0.388,95,-45.0,12.1
0,5120,251,629,824,0.262,0.339,0.485,109,42.5,12.1
0,5295,39,678,690,0.28,0.318,0.379,92,-47.2,12.1
0,6458,130,733,745,0.278,0.334,0.412,107,42.1,12.1
0,3825,5,631,272,0.235,0.307,0.282,87,-32.2,12.0
0,4292,84,562,457,0.291,0.357,0.445,108,41.5,12.0
0,4486,4,560,295,0.238,0.322,0.295,82,-100.6,12.0
0,4490,119,561,522,0.279,0.323,0.425,92,-49.7,12.0
0,5012,27,671,735,0.279,0.332,0.364,87,-118.8,12.0
0,3579,36,453,582,0.325,0.368,0.459,111,39.2,11.9
0,4664,86,572,497,0.265,0.314,0.382,96,-19.1,11.9
0,5011,76,620,418,0.264,0.354,0.377,110,60.4,11.9
0,6590,114,836,563,0.279,0.342,0.391,96,-33.7,11.9
0,7073,206,865,942,0.281,0.33,0.445,101,3.8,11.9
0,3548,103,412,415,0.261,0.32,0.421,93,-27.3,11.8
0,3555,129,413,491,0.274,0.319,0.454,109,29.6,11.8
0,3591,166,464,516,0.264,0.327,0.476,119,71.5,11.8
0,4586,86,462,469,0.252,0.3,0.367,86,-80.0,11.8
0,4590,146,498,618,0.254,0.322,0.424,107,29.3,11.8
0,4717,18,614,303,0.273,0.318,0.339,100,6.9,11.8
0,5441,47,620,454,0.268,0.325,0.356,86,-88.1,11.8
0,3626,28,485,214,0.27,0.369,0.355,107,32.0,11.7
0,3695,112,371,435,0.26,0.305,0.419,97,-16.4,11.7
0,4206,105,457,428,0.244,0.327,0.38,91,-47.4,11.7
0,4771,18,632,302,0.287,0.362,0.364,98,-15.0,11.7
0,5451,139,683,684,0.291,0.359,0.443,110,65.4,11.7
0,5570,138,756,631,0.267,0.368,0.417,107,41.9,11.7
0,4298,71,453,442,0.256,0.326,0.376,96,-25.9,11.6
0,5970,28,849,346,0.264,0.324,0.345,86,-22.6,11.6
0,6329,255,752,882,0.26,0.336,0.462,110,47.2,11.6
0,3708,10,482,240,0.275,0.349,0.339,100,-2.4,11.5
0,3840,18,497,412,0.253,0.305,0.342,95,-47.3,11.5
0,4533,37,591,303,0.269,0.34,0.368,90,-53.8,11.5
0,4607,62,637,387,0.262,0.311,0.379,86,-12.8,11.5
0,4650,101,648,461,0.264,0.349,0.396,98,-14.4,11.5
0,5477,117,641,500,0.248,0.298,0.377,89,-65.1,11.5
0,5938,21,731,308,0.258,0.329,0.327,81,-135.7,11.5
0,3627,66,404,509,0.29,0.346,0.438,102,6.3,11.4
0,3651,109,469,392,0.231,0.33,0.383,98,2.8,11.4
0,4101,5,372,376,0.251,0.303,0.312,83,-59.1,11.4
0,4391,52,492,477,0.29,0.341,0.404,101,12.1,11.4
0,5159,144,457,711,0.274,0.307,0.411,85,-163.0,11.4
0,4253,67,511,383,0.264,0.326,0.383,95,-22.7,11.3
0,4729,166,536,641,0.258,0.3,0.438,102,10.9,11.3
0,5025,53,386,543,0.265,0.328,0.351,87,-81.9,11.3
0,5528,137,623,536,0.243,0.302,0.391,78,-166.3,11.3
0,3526,73,490,420,0.288,0.347,0.443,105,37.2,11.2
0,3531,109,482,396,0.258,0.32,0.439,94,-0.8,11.2
0,4158,6,652,350,0.236,0.323,0.29,77,-142.1,11.2
0,4162,18,538,236,0.286,0.319,0.36,88,-11.2,11.2
0,4310,137,549,522,0.249,0.332,0.43,99,7.9,11.2
0,3695,110,420,462,0.248,0.338,0.399,104,19.4,11.1
0,3908,148,433,530,0.27,0.321,0.446,116,62.9,11.1
0,4028,119,369,384,0.203,0.277,0.343,69,-174.9,11.1
0,5316,32,555,559,0.281,0.312,0.378,95,-46.2,11.1
0,3571,18,335,367,0.261,0.33,0.334,86,-69.7,11.0
0,3723,195,456,566,0.227,0.287,0.459,95,-21.2,11.0
0,3804,221,506,590,0.242,0.314,0.491,117,63.1,11.0
0,4190,15,295,345,0.236,0.295,0.312,84,-92.2,11.0
0,4918,31,788,564,0.257,0.277,0.35,92,-56.4,11.0
0,4963,7,605,329,0.275,0.327,0.328,83,-91.6,11.0
0,5513,275,734,849,0.251,0.324,0.472,104,28.9,11.0
0,6977,198,812,893,0.276,0.335,0.427,107,42.8,11.0
0,4034,95,429,426,0.243,0.347,0.373,103,8.2,10.9
0,4363,228,506,743,0.264,0.316,0.489,116,82.2,10.9
0,4409,114,533,469,0.255,0.293,0.405,86,-53.7,10.9
0,4431,25,536,404,0.232,0.258,0.338,84,-107.3,10.9
0,5151,79,610,476,0.274,0.327,0.379,96,-27.3,10.9
0,5630,295,707,780,0.233,0.315,0.459,105,25.2,10.9
0,6243,298,794,871,0.236,0.328,0.453,103,15.0,10.9
0,3882,107,420,415,0.252,0.31,0.399,94,-39.5,10.8
0,4238,109,436,426,0.246,0.292,0.387,80,-99.7,10.8
0,4317,134,462,505,0.241,0.306,0.407,92,-46.0,10.8
0,4424,178,541,568,0.23,0.288,0.422,85,-74.7,10.8
0,4499,118,571,431,0.252,0.29,0.4,77,-88.9,10.8
0,3500,146,413,423,0.229,0.294,0.416,92,-43.7,10.7
0,3918,30,744,410,0.279,0.352,0.378,96,-8.1,10.7
0,4640,7,550,474,0.287,0.333,0.364,100,-8.2,10.7
0,6573,61,598,571,0.263,0.316,0.345,81,-153.8,10.7
0,3590,110,410,384,0.237,0.315,0.411,98,-8.9,10.6
0,4033,186,528,586,0.271,0.321,0.482,110,57.7,10.6
0,4078,80,453,422,0.265,0.329,0.392,104,7.4,10.6
0,4085,96,462,422,0.251,0.318,0.375,96,-20.4,10.6
0,4152,130,515,470,0.236,0.305,0.403,91,-37.0,10.6
0,5221,12,503,397,0.252,0.327,0.309,94,-44.3,10.6
0,5385,16,484,494,0.263,0.316,0.337,74,-209.4,10.6
0,7000,84,789,729,0.27,0.334,0.377,91,-83.3,10.6
0,3685,66,441,316,0.258,0.353,0.369,107,23.4,10.5
0,4346,77,417,366,0.242,0.314,0.343,87,-63.0,10.5
0,4662,125,584,487,0.245,0.333,0.398,101,6.3,10.5
0,4831,37,564,479,0.273,0.336,0.362,93,-38.4,10.5
0,4863,42,480,377,0.256,0.291,0.345,78,-126.6,10.4
0,5801,151,645,675,0.266,0.347,0.429,105,15.0,10.4
0,3707,23,431,288,0.271,0.351,0.351,97,-19.7,10.3
0,3759,15,392,402,0.231,0.285,0.304,79,-129.0,10.3
0,4305,9,497,308,0.257,0.319,0.32,97,1.6,10.3
0,4315,57,378,366,0.254,0.292,0.347,79,-107.2,10.3
0,4582,121,598,566,0.27,0.324,0.427,109,42.1,10.3
0,6640,60,550,461,0.224,0.28,0.3,64,-270.8,10.3
0,3737,101,521,333,0.247,0.332,0.41,99,35.2,10.2
0,3801,109,427,388,0.232,0.288,0.379,78,-85.3,10.2
0,4355,169,567,583,0.261,0.298,0.449,97,-3.3,10.2
0,4677,206,546,655,0.246,0.31,0.448,104,14.2,10.2
0,3740,9,500,286,0.272,0.334,0.332,99,5.3,10.1
0,3916,68,459,428,0.28,0.352,0.413,114,56.3,10.1
0,4041,23,440,451,0.269,0.313,0.361,95,-34.3,10.1
0,4094,100,538,494,0.268,0.34,0.412,96,-28.7,10.1
0,4784,58,525,481,0.271,0.349,0.383,98,-8.1,10.1
0,5476,144,614,723,0.266,0.312,0.411,101,12.9,10.1
0,4282,59,553,333,0.277,0.315,0.38,78,-101.7,10.0
0,4333,126,519,555,0.263,0.326,0.425,93,-26.8,10.0
0,4551,84,554,440,0.271,0.324,0.401,83,-92.6,10.0
0,4686,125,625,528,0.256,0.339,0.423,96,-21.9,10.0
0,4777,18,720,543,0.259,0.281,0.322,89,-75.2,10.0
0,3984,111,421,373,0.247,0.302,0.39,98,-18.1,9.9
0,3988,116,510,441,0.253,0.337,0.403,109,39.6,9.9
0,4136,104,473,598,0.27,0.322,0.418,97,-28.1,9.9
0,4666,42,458,344,0.265,0.323,0.356,84,-88.6,9.9
0,4863,3,638,284,0.266,0.357,0.327,96,-36.9,9.9
0,9933,37,1357,842,0.296,0.34,0.375,87,-203.2,9.9
0,3739,98,441,471,0.278,0.325,0.434,106,30.1,9.8
0,4008,83,503,422,0.256,0.328,0.402,96,-12.2,9.8
0,4314,37,532,341,0.283,0.348,0.373,100,3.4,9.8
0,4380,31,729,423,0.251,0.32,0.329,95,-29.0,9.8
0,5253,32,580,621,0.284,0.336,0.37,80,-127.9,9.8
0,5290,90,633,532,0.275,0.322,0.403,88,-84.0,9.8
0,5616,46,587,439,0.246,0.324,0.341,83,-125.2,9.8
0,5800,11,878,318,0.27,0.343,0.314,81,-91.1,9.8
0,4043,187,470,604,0.26,0.32,0.471,109,27.6,9.7
0,4056,31,378,333,0.249,0.312,0.328,75,-119.7,9.7
0,4864,90,600,439,0.264,0.333,0.391,91,-46.8,9.7
0,5451,52,589,619,0.28,0.328,0.382,101,-4.9,9.7
0,6073,45,610,438,0.268,0.307,0.347,83,-120.0,9.7
0,6619,245,706,923,0.244,0.31,0.42,102,10.6,9.7
0,3833,18,418,314,0.278,0.337,0.347,88,-53.5,9.6
0,3845,37,477,388,0.271,0.341,0.37,93,-30.9,9.6
0,4504,59,393,436,0.245,0.301,0.343,78,-123.2,9.6
0,4614,47,551,422,0.26,0.346,0.369,90,-61.0,9.6
0,4785,66,491,519,0.276,0.316,0.377,99,-12.0,9.6
0,5029,200,588,723,0.272,0.33,0.465,111,45.5,9.6
0,7036,22,747,709,0.264,0.306,0.364,89,-105.3,9.6
0,3734,9,590,371,0.267,0.314,0.353,108,42.7,9.5
0,3933,11,617,342,0.248,0.297,0.309,92,-50.2,9.5
0,5055,107,647,545,0.289,0.348,0.435,99,-14.2,9.5
0,3728,35,467,276,0.268,0.336,0.375,101,-8.6,9.4
0,4009,85,411,424,0.238,0.327,0.363,95,-28.5,9.4
0,4012,102,404,454,0.265,0.324,0.394,103,9.8,9.4
0,4181,80,422,454,0.261,0.321,0.389,96,-22.3,9.4
0,4314,7,493,380,0.227,0.258,0.288,79,-146.1,9.4
0,4346,42,563,312,0.281,0.339,0.379,89,-21.2,9.4
0,4723,90,545,536,0.274,0.357,0.392,112,58.7,9.4
0,4877,106,538,527,0.273,0.362,0.41,104,19.4,9.4
0,3763,192,454,510,0.236,0.298,0.461,103,2.0,9.3
0,3847,104,440,472,0.274,0.333,0.432,102,6.7,9.3
0,3904,69,469,389,0.273,0.308,0.4,95,-5.2,9.3
0,3992,65,518,408,0.279,0.335,0.405,96,-20.6,9.3
0,4302,60,480,486,0.279,0.352,0.395,98,-16.4,9.3
0,6248,157,667,690,0.245,0.29,0.395,76,-198.2,9.3
0,3928,153,507,542,0.269,0.329,0.463,100,-16.7,9.2
0,4436,189,573,668,0.264,0.329,0.468,102,6.6,9.2
0,3721,35,357,285,0.252,0.333,0.341,89,-48.0,9.1
0,4258,71,477,431,0.246,0.296,0.367,82,-97.7,9.1
0,6304,60,753,596,0.277,0.308,0.37,92,-58.3,9.1
0,4655,48,541,438,0.262,0.314,0.35,82,-99.3,9.0
0,5193,21,595,324,0.254,0.323,0.326,76,-134.5,9.0
0,4052,15,428,397,0.279,0.334,0.346,97,-9.9,8.9
0,4253,141,449,502,0.23,0.345,0.406,100,-20.9,8.9
0,4680,24,528,373,0.285,0.344,0.374,97,-17.7,8.9
0,5135,32,597,351,0.268,0.338,0.359,87,-80.0,8.9
0,5563,24,655,656,0.258,0.295,0.327,70,-253.8,8.9
0,5572,22,685,360,0.283,0.318,0.345,83,-108.2,8.9
0,6856,274,934,1141,0.299,0.336,0.499,104,34.7,8.9
0,3521,160,419,473,0.237,0.314,0.452,107,22.5,8.8
0,3674,125,450,440,0.248,0.308,0.436,92,-36.3,8.8
0,3688,5,393,253,0.24,0.315,0.286,83,-39.4,8.8
0,3823,73,357,351,0.239,0.314,0.357,89,-48.2,8.8
0,4312,79,342,441,0.237,0.312,0.356,78,-118.0,8.8
0,4413,119,517,549,0.255,0.329,0.419,95,-36.8,8.8
0,4465,86,494,503,0.282,0.325,0.415,103,7.2,8.8
0,4504,91,522,479,0.268,0.317,0.4,99,-0.3,8.8
0,4765,47,623,501,0.3,0.336,0.41,91,-48.1,8.8
0,5382,170,648,699,0.274,0.358,0.452,112,51.1,8.8
0,3737,9,433,385,0.235,0.254,0.299,80,-127.4,8.7
0,3844,66,422,405,0.271,0.36,0.405,102,-7.3,8.7
0,3882,148,443,509,0.24,0.304,0.422,96,-13.1,8.7
0,3934,101,482,343,0.255,0.322,0.397,94,-0.7,8.7
0,4095,16,555,488,0.267,0.33,0.344,84,-93.3,8.7
0,5357,213,584,740,0.265,0.327,0.453,110,10.0,8.7
0,3570,67,284,387,0.247,0.32,0.369,78,-123.4,8.6
0,4081,66,470,351,0.262,0.318,0.38,85,-78.0,8.6
0,4483,36,456,408,0.261,0.319,0.355,90,-64.8,8.6
0,5318,92,550,525,0.228,0.295,0.344,74,-179.2,8.6
0,3832,9,465,319,0.279,0.326,0.352,85,-65.7,8.5
0,4561,93,524,431,0.242,0.345,0.374,102,14.4,8.5
0,4948,78,550,525,0.288,0.326,0.392,103,17.6,8.4
0,3870,164,446,529,0.262,0.332,0.46,111,48.4,8.3
0,6596,21,937,769,0.272,0.325,0.348,86,-155.5,8.3
0,4213,29,598,532,0.261,0.287,0.355,86,-95.2,8.2
0,4232,15,481,380,0.252,0.299,0.319,86,-57.8,8.2
0,4289,4,341,336,0.251,0.294,0.303,90,-44.6,8.2
0,4544,140,487,598,0.25,0.288,0.41,78,-147.3,8.2
0,5785,62,727,467,0.271,0.307,0.383,78,-152.8,8.2
0,3545,11,423,334,0.258,0.326,0.333,92,-40.7,8.1
0,3807,12,469,343,0.292,0.333,0.362,92,-31.6,8.1
0,4298,140,496,524,0.263,0.316,0.417,98,-15.9,8.1
0,4418,127,547,591,0.274,0.332,0.448,97,-30.2,8.1
0,4654,27,607,342,0.25,0.323,0.322,76,-140.0,8.1
0,5481,37,699,386,0.252,0.306,0.343,78,-112.0,8.1
0,3698,102,320,476,0.247,0.299,0.391,79,-97.4,8.0
0,3879,22,411,261,0.264,0.317,0.331,76,-115.7,8.0
0,3956,52,391,369,0.265,0.329,0.364,91,-66.2,8.0
0,4352,144,536,606,0.258,0.324,0.438,95,-33.5,8.0
0,3545,21,394,211,0.227,0.317,0.297,78,-99.7,7.9
0,5037,38,553,480,0.265,0.322,0.359,86,-77.8,7.9
0,5333,34,414,477,0.269,0.3,0.342,78,-142.8,7.9
0,8530,14,899,527,0.252,0.314,0.312,72,-281.9,7.9
0,3547,4,374,292,0.249,0.315,0.3,83,-62.2,7.8
0,3996,72,543,509,0.307,0.341,0.446,98,-13.9,7.8
0,4167,89,434,415,0.245,0.294,0.379,71,-131.6,7.8
0,5879,42,665,571,0.28,0.317,0.372,81,-154.3,7.8
0,4149,38,357,469,0.27,0.341,0.358,82,-103.6,7.7
0,4265,7,338,377,0.245,0.288,0.308,73,-150.3,7.7
0,5780,19,713,738,0.263,0.307,0.336,80,-159.1,7.7
0,3540,71,389,307,0.244,0.326,0.369,93,-27.5,7.6
0,3610,11,442,394,0.273,0.311,0.352,94,-20.2,7.6
0,3615,17,446,257,0.281,0.341,0.35,86,-62.5,7.6
0,4034,61,507,456,0.276,0.357,0.405,102,3.8,7.6
0,4427,27,488,322,0.257,0.321,0.335,87,-70.8,7.6
0,6179,78,722,506,0.257,0.296,0.355,78,-157.0,7.6
0,3571,114,377,367,0.226,0.31,0.394,93,-45.4,7.5
0,3753,87,461,391,0.259,0.329,0.394,92,-40.1,7.5
0,4688,132,664,485,0.276,0.339,0.444,102,17.2,7.5
0,3694,14,563,361,0.263,0.3,0.345,106,34.2,7.4
0,3784,115,429,432,0.254,0.305,0.418,93,-29.0,7.4
0,4009,162,495,526,0.242,0.333,0.436,106,43.7,7.4
0,4124,36,490,323,0.283,0.309,0.371,83,-74.1,7.4
0,4251,32,439,482,0.282,0.332,0.379,93,-49.6,7.4
0,4875,13,767,495,0.267,0.314,0.34,102,19.3,7.4
0,6276,150,736,668,0.269,0.296,0.416,85,-104.9,7.4
0,8198,15,1020,823,0.261,0.311,0.317,80,-214.9,7.4
0,3531,123,397,405,0.236,0.314,0.416,100,2.9,7.3
0,3675,83,503,599,0.289,0.334,0.449,94,-34.4,7.3
0,3871,47,331,254,0.233,0.3,0.313,77,-99.8,7.3
0,4375,94,438,455,0.261,0.293,0.381,86,-69.9,7.3
0,4436,42,598,533,0.311,0.362,0.417,97,-27.9,7.3
0,4168,14,409,303,0.25,0.303,0.309,72,-136.0,7.2
0,4536,186,527,618,0.251,0.318,0.446,100,-12.0,7.2
0,3758,5,399,277,0.249,0.3,0.295,79,-84.0,7.1
0,3788,66,324,421,0.262,0.305,0.377,75,-114.7,7.1
0,5487,108,528,669,0.284,0.336,0.41,103,-5.6,7.1
0,6163,143,594,730,0.255,0.314,0.388,89,-98.4,7.1
0,6414,25,604,620,0.253,0.308,0.337,82,-140.1,7.1
0,3566,61,311,323,0.25,0.334,0.361,80,-90.1,7.0
0,3664,32,349,270,0.246,0.317,0.324,71,-135.3,7.0
0,4032,28,444,355,0.258,0.292,0.341,65,-189.1,7.0
0,4233,115,476,488,0.256,0.337,0.408,94,-37.3,7.0
0,4396,75,484,404,0.246,0.309,0.362,94,-28.1,7.0
0,4575,134,568,620,0.276,0.318,0.437,103,12.4,7.0
0,3898,6,302,252,0.217,0.293,0.259,58,-190.2,6.9
0,4419,218,532,629,0.249,0.302,0.459,106,15.8,6.9
0,5095,156,618,667,0.27,0.317,0.441,96,-35.5,6.8
0,3743,118,471,492,0.269,0.367,0.442,113,58.8,6.7
0,4521,152,478,704,0.27,0.326,0.432,98,-6.0,6.7
0,6407,139,645,802,0.275,0.327,0.402,99,-16.3,6.7
0,6871,54,714,593,0.263,0.306,0.337,83,-139.9,6.7
0,3999,90,404,431,0.247,0.319,0.37,88,-63.8,6.6
0,5832,56,664,458,0.257,0.317,0.341,84,-106.4,6.6
0,3562,17,415,245,0.266,0.304,0.331,71,-120.8,6.5
0,3581,156,387,470,0.239,0.334,0.448,116,52.4,6.5
0,3824,6,348,303,0.249,0.303,0.297,78,-126.0,6.5
0,3835,122,480,540,0.274,0.344,0.448,103,8.3,6.5
0,3787,132,425,539,0.274,0.323,0.443,102,-24.1,6.3
0,4014,42,488,319,0.271,0.325,0.363,95,-24.4,6.3
0,5686,147,592,728,0.29,0.354,0.441,114,16.0,6.3
0,5783,34,643,390,0.266,0.299,0.335,78,-153.2,6.3
0,6630,13,730,446,0.258,0.295,0.318,73,-212.8,6.3
0,7334,29,891,794,0.261,0.302,0.327,78,-255.0,6.3
0,3697,15,418,297,0.269,0.323,0.345,83,-65.6,6.2
0,3993,145,435,490,0.24,0.275,0.417,78,-117.5,6.2
0,4001,6,475,349,0.223,0.285,0.269,76,-164.5,6.2
0,4603,28,572,443,0.279,0.316,0.367,81,-129.0,6.2
0,4842,67,578,443,0.259,0.334,0.363,89,-74.2,6.1
0,6573,25,576,501,0.251,0.283,0.309,62,-286.9,6.1
0,4072,14,338,378,0.255,0.318,0.322,77,-112.4,6.0
0,3890,166,454,565,0.257,0.34,0.457,106,24.3,5.9
0,4750,196,505,570,0.229,0.322,0.419,103,-18.9,5.9
0,5160,13,558,282,0.245,0.29,0.288,69,-161.0,5.9
0,5997,118,536,614,0.261,0.316,0.377,95,-39.9,5.9
0,3508,63,392,371,0.265,0.314,0.391,82,-69.5,5.8
0,3589,76,414,434,0.269,0.334,0.403,100,-1.5,5.8
0,3730,106,405,428,0.255,0.327,0.397,99,0.8,5.8
0,3873,98,398,424,0.263,0.32,0.422,87,-79.2,5.6
0,4535,36,454,422,0.267,0.315,0.35,71,-174.8,5.6
0,5661,160,626,698,0.261,0.303,0.416,88,-98.6,5.6
0,3619,11,337,342,0.221,0.295,0.29,75,-116.1,5.5
0,3782,80,420,351,0.237,0.3,0.367,80,-90.3,5.5
0,3807,25,450,272,0.29,0.342,0.389,93,-32.5,5.5
0,4375,70,442,464,0.269,0.293,0.388,75,-159.2,5.4
0,5082,121,511,674,0.279,0.335,0.411,102,2.1,5.4
0,4471,20,494,493,0.265,0.318,0.344,71,-196.4,5.3
0,5268,43,585,370,0.249,0.317,0.332,85,-96.4,5.3
0,5827,24,575,567,0.247,0.299,0.32,66,-264.2,5.3
0,3659,25,500,241,0.264,0.313,0.346,73,-104.1,5.2
0,3675,2,409,219,0.286,0.329,0.342,87,-61.7,5.2
0,3753,28,423,368,0.276,0.326,0.374,79,-128.5,5.2
0,3955,47,476,373,0.261,0.322,0.367,90,-50.4,5.2
0,4084,38,359,403,0.263,0.332,0.348,74,-143.8,5.2
0,4414,12,619,469,0.253,0.322,0.311,78,-149.3,5.2
0,4465,10,516,391,0.267,0.321,0.33,94,-35.4,5.2
0,4714,57,559,405,0.273,0.324,0.374,92,-52.1,5.2
0,3537,90,345,347,0.239,0.292,0.369,75,-109.4,5.1
0,4392,41,504,394,0.264,0.314,0.361,77,-114.3,5.1
0,5918,36,633,480,0.27,0.318,0.346,76,-192.9,5.1
0,3779,140,416,426,0.238,0.323,0.425,105,16.5,5.0
0,4009,134,389,491,0.234,0.301,0.398,85,-87.2,5.0
0,3548,13,429,359,0.245,0.314,0.32,89,-75.6,4.8
0,4089,92,421,480,0.262,0.292,0.395,82,-112.7,4.8
0,3773,100,391,426,0.259,0.332,0.404,102,-10.5,4.7
0,4869,82,592,633,0.274,0.318,0.392,80,-157.0,4.7
0,4224,31,473,497,0.275,0.339,0.367,82,-120.7,4.6
0,4506,82,470,569,0.261,0.329,0.383,93,-49.9,4.6
0,4587,152,506,558,0.247,0.318,0.419,90,-65.5,4.6
0,4393,99,446,479,0.25,0.31,0.384,80,-119.5,4.4
0,5296,36,728,405,0.293,0.342,0.383,98,-14.4,4.3
0,3637,2,326,297,0.249,0.335,0.283,77,-115.4,4.2
0,3825,35,360,286,0.243,0.31,0.338,72,-126.4,4.1
0,4029,15,433,417,0.238,0.297,0.303,75,-139.2,4.1
0,4795,38,544,471,0.281,0.356,0.373,87,-100.3,4.1
0,3796,80,406,544,0.267,0.328,0.408,96,-22.3,4.0
0,3717,64,425,333,0.257,0.3,0.369,80,-90.4,3.9
0,4315,24,636,284,0.268,0.332,0.339,74,-118.0,3.9
0,5509,31,562,555,0.262,0.311,0.36,73,-210.0,3.9
0,3648,13,343,392,0.251,0.287,0.314,78,-108.1,3.8
0,3719,28,498,327,0.276,0.336,0.37,86,-74.0,3.8
0,4015,30,329,409,0.259,0.319,0.352,75,-144.9,3.8
0,4270,14,478,381,0.263,0.319,0.351,88,-58.6,3.8
0,4279,30,624,294,0.277,0.348,0.369,93,-41.9,3.8
0,3564,62,348,356,0.255,0.297,0.358,77,-95.9,3.5
0,4032,52,387,372,0.25,0.298,0.344,78,-106.4,3.5
0,5408,146,541,599,0.25,0.307,0.387,94,-39.7,3.5
0,3573,130,364,467,0.244,0.293,0.414,85,-79.5,3.4
0,3981,21,363,378,0.213,0.254,0.281,66,-154.1,3.4
0,4287,67,353,443,0.239,0.293,0.344,62,-227.0,3.4
0,4752,54,586,399,0.264,0.312,0.364,86,-68.3,3.4
0,4001,9,368,324,0.254,0.295,0.316,68,-147.0,3.3
0,3889,41,356,271,0.237,0.292,0.327,70,-145.5,3.2
0,5079,68,366,548,0.26,0.29,0.359,76,-141.0,3.2
0,4738,122,587,566,0.273,0.33,0.428,95,-32.1,3.1
0,3585,81,250,375,0.23,0.271,0.35,71,-117.8,3.0
0,3816,108,463,490,0.284,0.321,0.44,94,-38.9,3.0
0,3640,80,319,395,0.252,0.29,0.377,71,-149.4,2.9
0,4244,29,466,393,0.271,0.305,0.353,77,-128.4,2.9
0,6418,214,748,887,0.27,0.321,0.44,98,-52.0,2.9
0,3818,135,413,495,0.247,0.29,0.42,88,-56.2,2.7
0,4364,47,454,512,0.282,0.345,0.379,100,-5.6,2.7
0,4679,17,441,312,0.254,0.293,0.322,61,-232.2,2.7
0,4998,87,619,491,0.267,0.3,0.388,86,-73.4,2.7
0,3560,58,401,382,0.258,0.299,0.374,70,-143.2,2.6
0,3607,38,348,375,0.28,0.313,0.377,87,-56.6,2.6
0,3643,21,474,525,0.274,0.307,0.365,79,-129.5,2.6
0,3759,69,437,373,0.286,0.324,0.413,92,-37.3,2.6
0,4949,169,558,594,0.261,0.323,0.435,98,-36.6,2.6
0,3659,36,390,296,0.254,0.305,0.343,82,-75.5,2.5
0,3784,136,396,480,0.235,0.284,0.407,76,-135.7,2.5
0,3788,62,347,451,0.248,0.292,0.358,73,-138.0,2.5
0,4399,2,503,214,0.255,0.301,0.313,73,-119.0,2.4
0,3593,91,353,352,0.235,0.29,0.372,76,-107.2,2.3
0,6097,7,710,520,0.259,0.328,0.327,80,-166.0,2.3
0,3983,26,398,344,0.252,0.316,0.328,86,-64.3,2.2
0,4577,39,586,391,0.256,0.308,0.362,82,-99.1,2.2
0,5887,53,562,484,0.261,0.295,0.342,75,-176.5,2.2
0,4676,5,453,254,0.231,0.291,0.293,68,-167.0,2.1
0,5083,12,790,411,0.239,0.306,0.294,84,-120.8,2.1
0,6041,20,653,696,0.259,0.323,0.341,72,-259.2,2.1
0,4271,10,333,344,0.24,0.272,0.298,71,-134.9,2.0
0,3754,1,329,263,0.271,0.325,0.316,81,-96.3,1.9
0,3883,140,442,564,0.262,0.33,0.448,105,6.3,1.8
0,4289,37,460,369,0.269,0.318,0.349,81,-102.1,1.8
0,4611,11,431,332,0.229,0.3,0.287,62,-245.9,1.7
0,3664,20,394,429,0.256,0.31,0.326,78,-129.1,1.6
0,3765,57,372,453,0.258,0.305,0.395,77,-126.4,1.6
0,5389,36,739,368,0.273,0.317,0.356,73,-132.5,1.6
0,3933,149,439,488,0.247,0.291,0.425,93,-35.0,1.5
0,3976,44,541,417,0.279,0.35,0.391,87,-81.1,1.5
0,3724,144,440,531,0.254,0.323,0.448,94,-33.1,1.4
0,5033,31,643,494,0.287,0.336,0.388,87,-114.3,1.4
0,4732,40,552,352,0.249,0.315,0.333,77,-126.3,1.3
0,4833,24,464,487,0.287,0.318,0.363,88,-93.1,1.3
0,4637,23,668,569,0.253,0.315,0.327,77,-192.3,1.2
0,4799,60,386,457,0.252,0.308,0.336,84,-91.5,1.1
0,3582,28,416,284,0.278,0.337,0.364,93,-38.9,1.0
0,3765,96,382,446,0.263,0.322,0.405,88,-67.2,1.0
0,5816,7,558,476,0.257,0.323,0.313,68,-266.3,0.9
0,4577,32,448,377,0.28,0.305,0.353,86,-79.6,0.8
0,4594,65,499,520,0.296,0.322,0.39,88,-67.9,0.8
0,3572,16,357,237,0.25,0.295,0.316,69,-134.8,0.7
0,5065,63,514,514,0.254,0.309,0.355,80,-142.2,0.7
0,3527,59,383,396,0.265,0.333,0.376,94,-26.6,0.5
0,3551,77,322,367,0.25,0.309,0.37,83,-108.6,0.5
0,3557,40,478,274,0.273,0.34,0.371,90,-25.4,0.4
0,3845,8,248,321,0.234,0.284,0.295,68,-152.8,0.0
0,3529,18,457,251,0.258,0.343,0.344,76,-117.1,-0.7
0,3581,3,317,213,0.226,0.27,0.272,67,-132.1,-0.7
0,3998,29,516,423,0.267,0.308,0.36,72,-164.4,-0.7
0,3940,8,297,273,0.228,0.255,0.275,49,-227.5,-0.8
0,4336,4,480,254,0.247,0.339,0.296,83,-100.8,-0.8
0,4087,9,381,292,0.245,0.293,0.304,62,-216.3,-1.0
0,7331,24,759,527,0.249,0.285,0.319,65,-315.6,-1.0
0,4278,80,437,457,0.261,0.285,0.388,77,-132.0,-1.1
0,5473,49,469,541,0.249,0.29,0.337,67,-230.3,-1.3
0,4371,109,473,566,0.283,0.316,0.421,96,-38.1,-1.4
0,3678,49,322,281,0.236,0.274,0.325,56,-196.4,-1.7
0,4446,17,375,390,0.219,0.277,0.274,59,-270.2,-1.8
0,5536,22,590,548,0.26,0.306,0.34,63,-316.5,-1.9
0,5148,60,517,487,0.262,0.325,0.36,83,-129.7,-2.2
0,4126,38,471,357,0.266,0.338,0.35,86,-84.5,-3.1
0,5956,24,903,501,0.271,0.319,0.345,81,-149.8,-3.1
0,5510,64,640,489,0.267,0.297,0.375,58,-305.3,-3.3
0,4606,15,547,430,0.254,0.315,0.333,69,-211.7,-3.8
0,4984,95,516,570,0.259,0.313,0.382,89,-79.1,-3.9
0,3996,17,391,407,0.264,0.317,0.342,70,-184.6,-4.7
0,4032,86,411,459,0.253,0.293,0.379,82,-82.3,-5.4
0,4484,2,380,456,0.247,0.285,0.294,51,-305.0,-5.6
0,3515,22,320,229,0.222,0.277,0.289,58,-168.4,-6.6
0,4085,7,288,284,0.238,0.266,0.294,52,-228.7,-8.4
